{"leading_brand\tcategorical\tCLOUD": {"indirect\tbinary\t0": {"ln_vs\ttree\t0,0\t10000,0": "24"}}, "leading_brand\tcategorical\tFLASH": {"indirect\tbinary\t0": {"ln_vs\ttree\t0,0\t12,1318855286": "21", "ln_vs\ttree\t12,1318855286\t10000,0": "20"}}, "leading_brand\tcategorical\tFLEX": {"indirect\tbinary\t0": {"ln_vs\ttree\t0,0\t10000,0": "15"}}, "leading_brand\tcategorical\tPOTH": {"indirect\tbinary\t0": {"ln_vs\ttree\t0,0\t10000,0": "14"}}, "leading_brand\tcategorical\tPWR": {"indirect\tbinary\t0": {"ln_vs\ttree\t0,0\t11,1349172592": "13", "ln_vs\ttree\t11,1349172592\t10000,0": "12"}}, "leading_brand\tcategorical\tPWRI": {"indirect\tbinary\t0": {"ln_vs\ttree\t0,0\t10,3334779739": "10", "ln_vs\ttree\t10,3334779739\t10000,0": "11"}}, "leading_brand\tcategorical\tPWRL": {"indirect\tbinary\t0": {"ln_vs\ttree\t0,0\t10,6497592926": "3", "ln_vs\ttree\t10,6497592926\t10000,0": "2"}}, "leading_brand\tcategorical\tPWRVA": {"indirect\tbinary\t0": {"ln_vs\ttree\t0,0\t10000,0": "18"}}, "leading_brand\tcategorical\tSAN": {"indirect\tbinary\t0": {"ln_vs\ttree\t0,0\t10,963932991": "23", "ln_vs\ttree\t10,963932991\t10000,0": "22"}}, "leading_brand\tcategorical\tSOTH": {"indirect\tbinary\t0": {"ln_vs\ttree\t0,0\t10,815279007": "17", "ln_vs\ttree\t10,815279007\t10000,0": "16"}}, "leading_brand\tcategorical\tSPEC": {"indirect\tbinary\t0": {"ln_vs\ttree\t0,0\t8,59137058258": "8", "ln_vs\ttree\t8,59137058258\t10000,0": "9"}}, "leading_brand\tcategorical\tSSG": {"indirect\tbinary\t0": {"ln_vs\ttree\t0,0\t13,1219758987": "0", "ln_vs\ttree\t13,1219758987\t10000,0": "1"}}, "leading_brand\tcategorical\tSSGOTH": {"indirect\tbinary\t0": {"ln_vs\ttree\t0,0\t10000,0": "19"}}, "leading_brand\tcategorical\tSTWZ": {"indirect\tbinary\t0": {"ln_vs\ttree\t0,0\t10,608253479": "7", "ln_vs\ttree\t10,608253479\t10000,0": "6"}}, "leading_brand\tcategorical\tTAPE": {"indirect\tbinary\t0": {"ln_vs\ttree\t0,0\t11,9213924408": "4", "ln_vs\ttree\t11,9213924408\t10000,0": "5"}}, "leading_brand\tcategorical\tWEBS": {"indirect\tbinary\t0": {"ln_vs\ttree\t0,0\t10000,0": "25"}}}