{"leading_brand\tcategorical\tCLOUD": {"indirect\tbinary\t0": {"ln_vs\ttree\t0,0\t14,45651626586914": "54", "ln_vs\ttree\t14,45651626586914\t10000,0": "55"}, "indirect\tbinary\t1": {"ln_vs\ttree\t0,0\t13,968652725219727": "56", "ln_vs\ttree\t13,968652725219727\t10000,0": "57"}}, "leading_brand\tcategorical\tFLASH": {"indirect\tbinary\t0": {"ln_vs\ttree\t0,0\t13,144866943359375": "17", "ln_vs\ttree\t13,144866943359375\t10000,0": "16"}, "indirect\tbinary\t1": {"ln_vs\ttree\t0,0\t13,262511253356934": "18", "ln_vs\ttree\t13,262511253356934\t10000,0": "19"}}, "leading_brand\tcategorical\tFLEX": {"indirect\tbinary\t0": {"ln_vs\ttree\t0,0\t10000,0": "61"}, "indirect\tbinary\t1": {"ln_vs\ttree\t0,0\t10000,0": "60"}}, "leading_brand\tcategorical\tPOTH": {"indirect\tbinary\t0": {"ln_vs\ttree\t0,0\t10000,0": "45"}, "indirect\tbinary\t1": {"ln_vs\ttree\t0,0\t10,540773391723633": "44", "ln_vs\ttree\t10,540773391723633\t10000,0": "43"}}, "leading_brand\tcategorical\tPWR": {"indirect\tbinary\t0": {"ln_vs\ttree\t0,0\t14,516411781311035": "5", "ln_vs\ttree\t14,516411781311035\t10000,0": "4"}, "indirect\tbinary\t1": {"ln_vs\ttree\t0,0\t11,537824630737305": "6", "ln_vs\ttree\t11,537824630737305\t10000,0": "7"}}, "leading_brand\tcategorical\tPWRI": {"indirect\tbinary\t0": {"ln_vs\ttree\t0,0\t10,324236869812012": "39", "ln_vs\ttree\t10,324236869812012\t10000,0": "38"}, "indirect\tbinary\t1": {"ln_vs\ttree\t0,0\t10,707772254943848": "36", "ln_vs\ttree\t10,707772254943848\t10000,0": "37"}}, "leading_brand\tcategorical\tPWRL": {"indirect\tbinary\t0": {"ln_vs\ttree\t0,0\t10,004831314086914": "49", "ln_vs\ttree\t10,004831314086914\t10000,0": "48"}, "indirect\tbinary\t1": {"ln_vs\ttree\t0,0\t10,532510757446289": "46", "ln_vs\ttree\t10,532510757446289\t10000,0": "47"}}, "leading_brand\tcategorical\tPWROTH": {"indirect\tbinary\t0": {"ln_vs\ttree\t0,0\t10000,0": "58"}, "indirect\tbinary\t1": {"ln_vs\ttree\t0,0\t10000,0": "59"}}, "leading_brand\tcategorical\tPWRVA": {"indirect\tbinary\t0": {"ln_vs\ttree\t0,0\t9,99705696105957": "50", "ln_vs\ttree\t9,99705696105957\t10000,0": "51"}, "indirect\tbinary\t1": {"ln_vs\ttree\t0,0\t7,500627040863037": "53", "ln_vs\ttree\t7,500627040863037\t10000,0": "52"}}, "leading_brand\tcategorical\tRATI": {"indirect\tbinary\t0": {"ln_vs\ttree\t0,0\t10000,0": "42"}, "indirect\tbinary\t1": {"ln_vs\ttree\t0,0\t9,57690715789795": "41", "ln_vs\ttree\t9,57690715789795\t10000,0": "40"}}, "leading_brand\tcategorical\tSAN": {"indirect\tbinary\t0": {"ln_vs\ttree\t0,0\t12,45438003540039": "26", "ln_vs\ttree\t12,45438003540039\t10000,0": "27"}, "indirect\tbinary\t1": {"ln_vs\ttree\t0,0\t10,986034393310547": "24", "ln_vs\ttree\t10,986034393310547\t10000,0": "25"}}, "leading_brand\tcategorical\tSOTH": {"indirect\tbinary\t0": {"ln_vs\ttree\t0,0\t10,324069023132324": "31", "ln_vs\ttree\t10,324069023132324\t10000,0": "30"}, "indirect\tbinary\t1": {"ln_vs\ttree\t0,0\t10,708749771118164": "28", "ln_vs\ttree\t10,708749771118164\t10000,0": "29"}}, "leading_brand\tcategorical\tSPEC": {"indirect\tbinary\t0": {"ln_vs\ttree\t0,0\t12,239133834838867": "35", "ln_vs\ttree\t12,239133834838867\t10000,0": "34"}, "indirect\tbinary\t1": {"ln_vs\ttree\t0,0\t10,05228042602539": "33", "ln_vs\ttree\t10,05228042602539\t10000,0": "32"}}, "leading_brand\tcategorical\tSSG": {"indirect\tbinary\t0": {"ln_vs\ttree\t0,0\t12,878847122192383": "2", "ln_vs\ttree\t12,878847122192383\t10000,0": "3"}, "indirect\tbinary\t1": {"ln_vs\ttree\t0,0\t10,273355484008789": "1", "ln_vs\ttree\t10,273355484008789\t10000,0": "0"}}, "leading_brand\tcategorical\tSSGOTH": {"indirect\tbinary\t0": {"ln_vs\ttree\t0,0\t10,844244956970215": "23", "ln_vs\ttree\t10,844244956970215\t10000,0": "22"}, "indirect\tbinary\t1": {"ln_vs\ttree\t0,0\t11,99650764465332": "20", "ln_vs\ttree\t11,99650764465332\t10000,0": "21"}}, "leading_brand\tcategorical\tSTWZ": {"indirect\tbinary\t0": {"ln_vs\ttree\t0,0\t12,445756912231445": "14", "ln_vs\ttree\t12,445756912231445\t10000,0": "15"}, "indirect\tbinary\t1": {"ln_vs\ttree\t0,0\t12,11782455444336": "12", "ln_vs\ttree\t12,11782455444336\t10000,0": "13"}}, "leading_brand\tcategorical\tTAPE": {"indirect\tbinary\t0": {"ln_vs\ttree\t0,0\t12,263177871704102": "11", "ln_vs\ttree\t12,263177871704102\t10000,0": "10"}, "indirect\tbinary\t1": {"ln_vs\ttree\t0,0\t10,228469848632812": "8", "ln_vs\ttree\t10,228469848632812\t10000,0": "9"}}}