{"leading_brand\tcategorical\tPURE FLEX": {"indirect\tbinary\t0": {"ln_value\ttree\t0,0\t10000,0": 45}, "indirect\tbinary\t1": {"ln_value\ttree\t0,0\t10000,0": 44}}, "leading_brand\tcategorical\tFLASH": {"indirect\tbinary\t0": {"ln_value\ttree\t0,0\t10000,0": 27}, "indirect\tbinary\t1": {"ln_value\ttree\t0,0\t12,7044010162": 26, "ln_value\ttree\t12,7044010162\t10000,0": 25}}, "leading_brand\tcategorical\tPOWERHA": {"indirect\tbinary\t1": {"ln_value\ttree\t0,0\t10000,0": 46}}, "leading_brand\tcategorical\tSPECTRUM CONTROL SW": {"indirect\tbinary\t1": {"ln_value\ttree\t0,0\t10000,0": 47}}, "leading_brand\tcategorical\tSONAS": {"indirect\tbinary\t1": {"ln_value\ttree\t0,0\t10000,0": 49}}, "leading_brand\tcategorical\tDS8000": {"indirect\tbinary\t0": {"ln_value\ttree\t0,0\t10000,0": 33}, "indirect\tbinary\t1": {"ln_value\ttree\t0,0\t13,6747398376": 31, "ln_value\ttree\t13,6747398376\t10000,0": 32}}, "leading_brand\tcategorical\tOTHER POWER": {"indirect\tbinary\t0": {"ln_value\ttree\t12,0607624054\t10000,0": 9, "ln_value\ttree\t0,0\t12,0607624054": 8}, "indirect\tbinary\t1": {"ln_value\ttree\t10,1802740097\t10000,0": 10, "ln_value\ttree\t0,0\t10,1802740097": 11}}, "leading_brand\tcategorical\tPOWER SYSTEM LOW END": {"indirect\tbinary\t0": {"ln_value\ttree\t0,0\t10000,0": 18}, "indirect\tbinary\t1": {"ln_value\ttree\t0,0\t9,47102642059": 19, "ln_value\ttree\t9,47102642059\t10000,0": 20}}, "leading_brand\tcategorical\tSYSTEM N": {"indirect\tbinary\t1": {"ln_value\ttree\t0,0\t10000,0": 48}}, "leading_brand\tcategorical\tXIV": {"indirect\tbinary\t0": {"ln_value\ttree\t0,0\t10000,0": 40}, "indirect\tbinary\t1": {"ln_value\ttree\t0,0\t10000,0": 39}}, "leading_brand\tcategorical\tSTORWIZE V7000": {"indirect\tbinary\t0": {"ln_value\ttree\t11,8216609955\t10000,0": 3, "ln_value\ttree\t0,0\t11,8216609955": 2}, "indirect\tbinary\t1": {"ln_value\ttree\t9,0720615387\t10000,0": 0, "ln_value\ttree\t0,0\t9,0720615387": 1}}, "leading_brand\tcategorical\tDS4000-6000": {"indirect\tbinary\t0": {"ln_value\ttree\t0,0\t10000,0": 30}, "indirect\tbinary\t1": {"ln_value\ttree\t11,9814224243\t10000,0": 28, "ln_value\ttree\t0,0\t11,9814224243": 29}}, "leading_brand\tcategorical\tTAPE & TAPE FRAME": {"indirect\tbinary\t0": {"ln_value\ttree\t0,0\t11,3175067902": 24, "ln_value\ttree\t11,3175067902\t10000,0": 23}, "indirect\tbinary\t1": {"ln_value\ttree\t10,6760311127\t10000,0": 21, "ln_value\ttree\t0,0\t10,6760311127": 22}}, "leading_brand\tcategorical\tOTHER STORAGE": {"indirect\tbinary\t0": {"ln_value\ttree\t0,0\t10000,0": 38}, "indirect\tbinary\t1": {"ln_value\ttree\t11,331319809\t10000,0": 37, "ln_value\ttree\t0,0\t11,331319809": 36}}, "leading_brand\tcategorical\tPOWER SYSTEM HIGH END": {"indirect\tbinary\t0": {"ln_value\ttree\t0,0\t10000,0": 12}, "indirect\tbinary\t1": {"ln_value\ttree\t9,64445304871\t10000,0": 14, "ln_value\ttree\t0,0\t9,64445304871": 13}}, "leading_brand\tcategorical\tPROTECTIER": {"indirect\tbinary\t0": {"ln_value\ttree\t0,0\t10000,0": 35}, "indirect\tbinary\t1": {"ln_value\ttree\t0,0\t10000,0": 34}}, "leading_brand\tcategorical\tSAN & SVC": {"indirect\tbinary\t0": {"ln_value\ttree\t11,4099206924\t10000,0": 5, "ln_value\ttree\t0,0\t11,4099206924": 4}, "indirect\tbinary\t1": {"ln_value\ttree\t10,0365333557\t10000,0": 6, "ln_value\ttree\t0,0\t10,0365333557": 7}}, "leading_brand\tcategorical\tPOWER SYSTEM MEDIUM": {"indirect\tbinary\t0": {"ln_value\ttree\t0,0\t10000,0": 15}, "indirect\tbinary\t1": {"ln_value\ttree\t11,0921821594\t10000,0": 16, "ln_value\ttree\t0,0\t11,0921821594": 17}}, "leading_brand\tcategorical\tHPC": {"indirect\tbinary\t0": {"ln_value\ttree\t0,0\t10000,0": 43}, "indirect\tbinary\t1": {"ln_value\ttree\t0,0\t11,9195022583": 41, "ln_value\ttree\t11,9195022583\t10000,0": 42}}}