,ComRevCat,ComRevDivCd,ComBrand,ComGroup,ComFamily,ComMT,Count,Avg,StdDev,Low,Med,High,Low_m,Low_b,Med_m,Med_b,High_m,High_b,r2,MSE,QP_ComMedPofL,QP_ComLogListPrice,QP_LogDealSize,QP_ComPctContrib,QP_UpgMES,QP_ClientSeg=E,QP_Indirect(1/0),QP_EndOfQtr,QP_ComDelgPriceL4PofL,PV_ComMedPofL,PV_ComLogListPrice,PV_LogDealSize,PV_ComPctContrib,PV_UpgMES,PV_ClientSeg=E,PV_Indirect(1/0),PV_EndOfQtr,PV_ComDelgPriceL4PofL,Qr2,QMSE,Adj_YtoMedPofL,Adj_psych,Adj_InputByBrand,avg_quote_cost,avg_quote_prc,avg_quote_prc_wp,avg_quote_prc_GP,avg_quote_prc_EGP,avg_opt_prc,avg_opt_prc_wp,avg_opt_prc_GP,avg_opt_prc_EGP
0,,,,,,,44976.0,0.269006485029,0.164949979552,0.0862068965517,0.224299065421,0.638564785457,0.422036203651,0.112166417468,0.524956189999,0.19619819239,0.39022622014,0.34999797733,0.219587014287,,0.997298,-0.001216,0,0.165565,-0.002828,0.014709,0,-0.007344,-0.004255,0.0,4.21e-05,0,0.0,0.1123982,0.0,0,0.0,0.4192852,0.87182957839863362,0.11297040070054294,-0.012268439053276792,1.04,0,0.12212816451,0.269006485029,0.554220519866,0.456664612369,0.200980860223,0.257606281977,0.563078241003,0.578147347413,0.385593204772
1,H,,,,,,17810.0,0.217315692092,0.123417985986,0.0728155339806,0.180379746835,0.465454545455,0.490271086471,0.052669245139,0.700259638935,0.0758403568032,0.795685524031,0.157449494187,0.401818002811,,0.845706,0.000971,0.001641,0.177079,0.020188,-0.004232,0,-0.003989,0.144437,0.0,0.4124497,0.1203984,0.0,0.0,7.46e-05,0,0.0002085,0.0,0.92214785972691959,0.069731610378421419,-0.0043424495094913085,1.04,0,0.192539079503,0.217315692092,0.568941496777,-5.19988695419e-05,-0.0616552300503,0.253950453771,0.360626244042,0.264122299793,0.124347734877
2,H,Power,,,,,4331.0,0.334085824126,0.117034577202,0.143396226415,0.337547408344,0.503576567864,0.451392588551,0.118951192084,0.343726298424,0.240822930407,0.219049127671,0.386102606125,0.256002682439,,0.690164,0.017887,-0.007893,0.313899,0.026105,0.01082,0,0.002168,0.216213,0.0,2e-07,0.008642,0.0,0.0,0.0002166,0,0.4609013,0.0,0.93037542975046761,0.093406021467897879,-0.0072896820578863264,1.04,0,0.261404208404,0.334085824126,0.593494016207,0.171546317388,0.0434847186129,0.353519399329,0.529408524355,0.293722542748,0.180102257255
3,H,Power,HPC,,,,259.0,0.269839913726,0.184541761351,0.0941684665227,0.211971830986,0.654287402738,0.214293551487,0.0904989552094,0.651740156583,0.053162480089,1.02243775782,0.128557075279,0.575147483486,,1.189846,0.068268,-0.069623,0.132906,0.077544,-0.075735,0,0.033042,0.168884,0.0,1e-07,0.0,0.0797697,1.77e-05,2.5e-06,0,0.028588,0.0117361,0.88821014854093205,0.10930185975492729,-0.028625534168163297,1.04,0,0.291989823387,0.269839913726,0.545272395658,-0.27006694334,-0.3341496897,0.379740339899,0.286458620704,0.295379753436,0.113177676085
4,H,Power,HPC,HPC,,,259.0,0.269839913726,0.184541761351,0.0941684665227,0.211971830986,0.654287402738,0.214293551487,0.0904989552094,0.651740156583,0.053162480089,1.02243775782,0.128557075279,0.575147483486,,1.189846,0.068268,-0.069623,0.132906,0.077544,-0.075735,0,0.033042,0.168884,0.0,1e-07,0.0,0.0797697,1.77e-05,2.5e-06,0,0.028588,0.0117361,0.88821014854093205,0.10930185975492729,-0.028625534168163297,1.04,0,0.291989823387,0.269839913726,0.545272395658,-0.27006694334,-0.3341496897,0.379740339899,0.286458620704,0.295379753436,0.113177676085
5,H,Power,HPC,HPC,CLOUD OPENSTACK PLATFORM FOR POWER REG 3Y,,152.0,0.176529650245,0.0902339643371,0.0929350423096,0.200570362855,0.3728,0.446991688353,0.0540662360414,0.546559237699,0.0682873270817,-0.400474903139,0.295269088022,0.248072146032,,0.65079,0.046674,-0.040332,0.088871,0.080035,0.01032,0,0.03243,0,0.0,1e-06,1.09e-05,0.2069286,0.0,0.4684017,0,0.0097796,0,0.87504345957550589,0.070081399410136372,-0.034695818524897198,1.04,0,0.141934695967,0.176529650245,0.565425117602,0.143289281507,0.0085909614849,0.195490309433,0.387855044781,0.330459731551,0.157604195727
6,H,Power,OTHER POWER,,,,2306.0,0.341278539036,0.102941812428,0.152027027027,0.342024539877,0.497865865073,0.520440696784,0.103030689825,0.506289244264,0.188238198339,0.316918931392,0.35064181029,0.349193231113,,0.878424,0.036462,-0.02942,0.167589,0.040599,0.007241,0,-0.009963,0.173973,0.0,1e-07,1.8e-06,3e-07,0.0,0.0512861,0,0.0054276,0.0012686,0.9478621873320463,0.081394413823205627,-0.0060582813551703363,1.04,0,0.291673289821,0.341278539036,0.559325552756,0.10731345815,0.00388127427021,0.366191237253,0.460248040748,0.226560326694,0.120948187558
7,H,Power,OTHER POWER,POWER SYSTEM,,,2046.0,0.332669499159,0.0974137652825,0.152027027027,0.333857726355,0.488776416232,0.622297133423,0.0789404394485,0.592984256165,0.167059740149,0.150725390375,0.389038840775,0.328799084431,,0.813076,0.027649,-0.018932,0.231721,0.0381,0.008408,0,-0.012577,0,0.0,0.0001345,0.0033133,0.0,0.0,0.0269317,0,0.0006916,0,0.94781076327716596,0.079189501390346848,-0.0071836854397592242,1.04,0,0.272254745906,0.332669499159,0.548332804441,0.142438110124,0.0264457742498,0.350060679905,0.486546293537,0.241214010687,0.130342644339
8,H,Power,OTHER POWER,POWER SYSTEM,POWER LINUX,,2046.0,0.332669499159,0.0974137652825,0.152027027027,0.333857726355,0.488776416232,0.622297133423,0.0789404394485,0.592984256165,0.167059740149,0.150725390375,0.389038840775,0.328799084431,,0.813076,0.027649,-0.018932,0.231721,0.0381,0.008408,0,-0.012577,0,0.0,0.0001345,0.0033133,0.0,0.0,0.0269317,0,0.0006916,0,0.94781076327716596,0.079189501390346848,-0.0071836854397592242,1.04,0,0.272254745906,0.332669499159,0.548332804441,0.142438110124,0.0264457742498,0.350060679905,0.486546293537,0.241214010687,0.130342644339
9,H,Power,OTHER POWER,POWER SYSTEM,POWER LINUX,8247a,154.0,0.331127444905,0.0657484494777,0.215668202765,0.321904761905,0.435294117647,0.721736019107,-0.00639136562889,0.570561598237,0.103437662944,0.220165383753,0.30427076937,0.353606514044,,0.686725,-0.08817,0.080779,0.712972,0.083512,-0.043361,0,0.044635,0,7.55e-05,0.0005392,0.0016558,3.3e-06,0.0,0.0034714,0,0.0002391,0,0.97167921620723452,0.056812586457081281,-0.014760101074307808,1.04,0,0.373193151352,0.331127444905,0.526048052462,-0.167879594139,-0.154453221803,0.409864427908,0.116680349666,0.0977639081245,0.0213477977021
10,H,Power,OTHER POWER,POWER SYSTEM,POWER LINUX,8284a,514.0,0.338765469403,0.0908436349689,0.225414364641,0.331125827815,0.46186440678,0.0,0.225414364641,0.0,0.331125827815,0.0,0.46186440678,0.0688112255054,,1.712409,0,-0.044751,0.113011,-0.053277,0.011863,0,-0.007381,0,0.0,0,0.0001163,0.0652272,0.0002633,0.1371565,0,0.3505343,0,0.12512045560882978,0.085053367194449531,-0.0076396415881342938,1.04,0,0.285132379672,0.338765469403,0.540105186554,0.111763602008,0.0239943682516,0.373316495303,0.382610261157,0.254357292173,0.127340363859
11,H,Power,OTHER POWER,POWER SYSTEM,POWER LINUX,8286a,1378.0,0.330568009791,0.102516613435,0.144585143741,0.338613861386,0.497315441562,0.985778003658,0.00338748175545,0.817548985954,0.114900355143,0.398140787474,0.315672061725,0.501272487754,,0.783088,0.050524,-0.039752,0.180344,0.057379,0.021109,0,-0.011243,0,0.0,0.0,0.0,2.1e-06,0.0,5.2e-06,0,0.0099646,0,0.95259735303394699,0.075353299022023174,-0.0061669006298992191,1.04,0,0.256170843007,0.330568009791,0.55674465671,0.188559752815,0.0455630140804,0.333815613484,0.569695437656,0.250683351641,0.145090578006
12,H,Power,OTHER POWER,POWER SYSTEMS HW - AIX/LINUX,,,200.0,0.395165284157,0.0666777463784,0.25585106383,0.410112359551,0.524628688101,0.733709813729,0.00798924268491,0.270361810084,0.278543565141,0.111673659101,0.419761430518,0.320486580989,,1.686171,0.111792,-0.13833,-0.585894,-0.061974,0,0,0,0,0.0,0.0,0.0,0.0,0.0019752,0,0,0,0,0.98397587976402245,0.050729657255797464,0.008528455821826042,1.04,0,0.42928640251,0.395165284157,0.672526232857,-0.107432162141,-0.114131330973,0.472374502017,0.247612453396,0.101051201143,0.0400994082937
13,H,Power,OTHER POWER,POWER SYSTEMS HW - AIX/LINUX,POWER SYSTEMS HW - AIX/LINUX,,200.0,0.395165284157,0.0666777463784,0.25585106383,0.410112359551,0.524628688101,0.733709813729,0.00798924268491,0.270361810084,0.278543565141,0.111673659101,0.419761430518,0.320486580989,,1.686171,0.111792,-0.13833,-0.585894,-0.061974,0,0,0,0,0.0,0.0,0.0,0.0,0.0019752,0,0,0,0,0.98397587976402245,0.050729657255797464,0.008528455821826042,1.04,0,0.42928640251,0.395165284157,0.672526232857,-0.107432162141,-0.114131330973,0.472374502017,0.247612453396,0.101051201143,0.0400994082937
14,H,Power,OTHER POWER,POWER SYSTEMS HW - AIX/LINUX,POWER SYSTEMS HW - AIX/LINUX,8284a,171.0,0.40833422703,0.0543239532851,0.333333333333,0.410666666667,0.48488372093,0.0,0.333333333333,0.0,0.410666666667,0.0,0.48488372093,0.136963093666,,0.471716,0.232658,-0.145054,-0.603688,0.138914,0.019679,0,0.006103,0,0.2113812,4e-07,0.0,0.0,0.0064544,0.1616808,0,0.3899086,0,0.34316330142337859,0.044156400765403857,0.0023324396365081435,1.04,0,0.449377136865,0.40833422703,0.651857307373,-0.118933877473,-0.109404737508,0.487354356544,0.22179101277,0.0856659036456,0.0357718118175
15,H,Power,POWER SYSTEM HIGH END,,,,471.0,0.317384278196,0.128175734922,0.126919140225,0.305857740586,0.474268990299,-0.138858897347,0.203492446702,-0.723658735679,0.411629726967,-0.48563070378,0.514051759057,0.225747270916,,0.230391,0.020908,0,0.399684,0.116755,0.034223,0,0,0,0.0,0.0,0,0.0,0.0,0.0614806,0,0,0,0.87629640584387314,0.12038827036961743,0.0074197982083611946,1.04,0,0.123272014891,0.317384278196,0.565655588606,0.492359592439,0.212598171555,0.31243561051,0.608974854789,0.613343855731,0.436390372042
16,H,Power,POWER SYSTEM HIGH END,P EXPRESS HIGH,,,281.0,0.318125227052,0.120701908995,0.152093023256,0.308868501529,0.464356435644,-0.443613927424,0.272182284152,-0.707035985843,0.428303672267,-0.573011422901,0.558376924244,0.432996185574,,0.765418,0.087734,-0.075155,0.058505,0.055498,0.037033,0,0.028993,0,0.0,0.0018258,0.0034183,0.4860078,0.0050277,0.0592966,0,0.0282865,0,0.905977094951669,0.10433253185808503,-0.0079183888343760112,1.04,0,0.167030867472,0.318125227052,0.55525181228,0.333553626549,0.120123759936,0.32237918297,0.530874584917,0.483583444627,0.328642466477
17,H,Power,POWER SYSTEM HIGH END,P SYSTEM HIGH,,,190.0,0.316288453834,0.138484472752,0.0994923857868,0.290366322783,0.472008032912,-0.129127006546,0.161248624251,-1.42860667991,0.43159161495,-0.677030776269,0.489136701762,0.461051205936,,0.124571,0.0462,-0.033425,0.394336,0.223505,0.094026,0,-0.071637,0,0.0005689,0.0817226,0.1722178,8.6e-06,0.0,0.0041154,0,0.000234,0,0.88811862969200472,0.11549063575792594,0.030104169571565365,1.04,0,0.0585549750203,0.316288453834,0.589432119882,0.727225257782,0.403945010367,0.301314130345,0.683639134527,0.776562647349,0.558807039646
18,H,Power,POWER SYSTEM HIGH END,P SYSTEM HIGH,P750 / P770,,74.0,0.376651452842,0.140532325059,0.0994923857868,0.459363957597,0.666019259833,12.3706614745,0.152995089163,3.65052106391,0.377449750024,0.836969922883,0.494689829755,0.164808454902,,0.12366,0.127947,-0.129489,0.208835,0.350496,0,0,-0.170183,0,0.0016816,0.0089835,0.0081917,0.1069266,1.2e-06,0,0,3.7e-06,0,0.49263637563275231,0.10078370618867988,0.10980173750991623,1.04,0,0.010676012671,0.376651452842,0.773086549859,0.976859021183,0.749945571042,0.417422783178,0.758222564689,0.981869646222,0.740142164948
19,H,Power,POWER SYSTEM HIGH END,P SYSTEM HIGH,P780,,116.0,0.277781023433,0.122499790476,0.119717657056,0.242248062016,0.462244897959,-0.197925019772,0.173514319373,-0.757145358668,0.333672301738,-0.853945125753,0.464947710337,0.27793556255,,1.218242,0.067572,-0.079862,0.120035,0.072505,0.03877,0,-0.019347,0,0.0,0.0216092,0.0037787,0.390823,0.0150284,0.1329595,0,0.3242036,0,0.91510606158640073,0.088456467220178858,-0.020737382389106052,1.04,0,0.0890984510017,0.277781023433,0.480664987907,0.567976132853,0.259923998321,0.249948826413,0.576320533248,0.598035661451,0.398008129568
20,H,Power,POWER SYSTEM HIGH END,P SYSTEM HIGH,P780,9080a,101.0,0.263486738254,0.118047758584,0.0981132075472,0.226872246696,0.462244897959,0.119120810298,0.124595930214,-0.749142514652,0.322387604112,-0.729134989384,0.43827577346,0.242468670308,,2.351339,0.489847,-0.491517,-1.2676,0.083667,0.018809,0,0,0,0.0,0.0,0.0,0.0,1.1e-06,0.2304734,0,0,0,0.96487078832640427,0.054114599353316577,-0.011765382481656872,1.04,0,0.0943295126863,0.263486738254,0.546180719024,0.536843875356,0.297491752841,0.252805718949,0.557192126688,0.58565367885,0.382755745947
21,H,Power,POWER SYSTEM LOW END,,,,898.0,0.357338277378,0.103033695169,0.206611570248,0.375641025641,0.512335240517,1.00901244562,0.00156694261683,0.97468430197,0.0337483942971,0.378507199856,0.300047489112,0.641799437065,,0.840168,0.029899,-0.013233,0.15336,0.09631,0,0,0,0.035541,0.0,0.0,2e-05,0.0,0.0,0,0,0,0.1976251,0.98475372507870484,0.045920150762777272,-0.01708685322179232,1.04,0,0.318371069489,0.357338277378,0.729620369827,0.096678798159,0.0423158163912,0.361855323468,0.678247042585,0.127829315949,0.0838996490699
22,H,Power,POWER SYSTEM LOW END,HW MGMT CONSOLE HMC,,,332.0,0.4435818432,0.0477284515181,0.295953757225,0.455147058824,0.553079271121,1.05312268212,-0.0189522684755,1.01076368447,0.0183600042542,0.418151293496,0.288187606319,0.727085674993,,-3.399777,0.033014,0,0,0.158485,0.003157,0,0.008121,4.083878,2.19e-05,0.0,0,0,0.0,0.2316892,0,0.0026086,1e-07,0.99737106462099678,0.022875113287573124,-0.0059610808271176596,1.04,0,0.415281177967,0.4435818432,0.851939174618,0.0629186970435,0.0419321455063,0.448329165763,0.818078657924,0.0767175283573,0.0586162938402
23,H,Power,POWER SYSTEM LOW END,MISCELLANEOUS HW,,,282.0,0.244991408402,0.0647761357594,0.19014084507,0.285149977537,0.435932829995,1.01988526084,0.00483484564047,1.33527921077,-0.0573150894767,1.94914315463,-0.113531704185,0.600243874601,,4.759447,0.033291,-0.016173,0.558253,0,0,0,-0.003831,-3.941171,1.1e-06,0.0037421,0.0004027,0.0,0,0,0,0.3966927,0.0005699,0.9793196795969259,0.036442045992887452,-0.015386086110804525,1.04,0,0.213680208972,0.244991408402,0.821101547148,0.0987250478503,0.0539932496413,0.254255135984,0.624465622518,0.15115843531,0.0948558389858
24,H,Power,POWER SYSTEM LOW END,RACK,,,241.0,0.370312955203,0.0697845562584,0.268644067797,0.361344537815,0.461111111111,1.04742005676,-0.00310353459443,0.817772662497,0.0859013991905,-0.766387088511,0.675944099865,0.569414537725,,5.001729,-0.071943,0,0.255884,0.010629,0,0,0.007942,-3.293664,0.0,0.0,0,0.0,0.3543533,0,0,0.1956111,0.0,0.98762767767954429,0.041915261930637458,-0.021603454932961508,1.04,0,0.321531398338,0.370312955203,0.682567053955,0.113741653934,0.0624013365669,0.378784183546,0.557400160759,0.149095130859,0.0918105918802
25,H,Power,POWER SYSTEM MEDIUM,,,,385.0,0.304925556781,0.128821509542,0.119626168224,0.299270072993,0.470540833462,0.0,0.119626168224,0.0,0.299270072993,0.0,0.462167689162,0.0478838168952,,0.801404,0,-0.029629,0.148788,0.215233,-0.059506,0,0.007307,0,0.0,0,0.0,0.0001854,0.0,4e-07,0,0.4700941,0,0.91578883606832207,0.09605937030963374,-8.9513572072652536e-05,1.04,0,0.095618708217,0.304925556781,0.545245148924,0.655580352686,0.342977248539,0.285647282877,0.684599564607,0.721069830096,0.545425839531
26,H,Power,POWER SYSTEM MEDIUM,P EXPRESS MEDIUM,,,73.0,0.42215869934,0.066713424466,0.285314685315,0.436241610738,0.551525565059,-0.431697142772,0.441399624076,0.384031142199,0.352026676005,0.487298516413,0.378220907646,0.560791305651,,1.252676,0.113887,-0.113276,-0.285349,0,-0.011879,0,0.043547,0,0.0,0.0,0.0,0.0008191,0,0.42505,0,0.0005899,0,0.99121841830139534,0.040051462644695654,0.019751836132648193,1.04,0,0.220144761577,0.42215869934,0.747261639019,0.473508420041,0.348185227591,0.42682170529,0.788815809004,0.492555179732,0.409990458612
27,H,Power,POWER SYSTEM MEDIUM,P SYSTEM MEDIUM,,,312.0,0.2774960074,0.124372037654,0.0778649489669,0.23435449233,0.462068965517,0.0270936931042,0.140596611985,-0.422430273737,0.297821845918,-0.563949129069,0.448192384404,0.162631575542,,1.096645,0,-0.035696,0.13036,0.178482,-0.065986,0,0,0,0.0,0,0.0,0.005959,1e-07,4e-06,0,0,0,0.888874282305813,0.10137093284374264,-0.0047318806504197397,1.04,0,0.0664828047065,0.2774960074,0.504057830012,0.698180516414,0.356096137266,0.257704314014,0.653768825022,0.776169650394,0.574855742268
28,H,Storage,,,,,13479.0,0.179795739437,0.0996806434561,0.0663888888889,0.1544,0.373626373626,0.448067247822,0.047740196083,0.679917335942,0.0589695525926,1.01164428335,0.0826472344287,0.378698545318,,0.882721,0.00132,0.001421,0.106807,0.017616,-0.007308,0,-0.005866,0,0.0,0.2384696,0.1579071,0.0,0.0,0.0,0,0.0,0,0.92165777741297594,0.057540914786805675,-0.0033954605513030478,1.04,0,0.170411705568,0.179795739437,0.558103525531,-0.0551890496678,-0.0957973068958,0.222148796024,0.303132012937,0.252196787471,0.105900113816
29,H,Storage,DS8000,,,,264.0,0.0597512318193,0.0525669112912,0.0218181818182,0.0468382352941,0.122183098592,0.0,0.0218181818182,0.0,0.0468382352941,0.0,0.122183098592,0.0299484128713,,4.363303,-0.111132,0.086933,0.295272,0,-0.010594,0,0,0,0.0,3e-07,4.78e-05,0.0009439,0,0.0824503,0,0,0,0.6628219964399914,0.04621161616727263,-0.014733395666965715,1.04,0,0.0250145155236,0.0597512318193,0.546375263809,0.421089520044,0.15659099298,0.0619589392238,0.468434881578,0.677220690678,0.3716847288
30,H,Storage,DS8000,DS8000 HW,,,234.0,0.0516584202081,0.0259775704331,0.0218181818182,0.0466377440347,0.103064004939,0.0,0.0218181818182,0.0,0.0466377440347,0.0,0.103064004939,0.0408761511692,,3.471092,0.005418,-0.023786,0,-0.005782,0.005031,0,0.002764,0,0.0,0.2508751,4e-07,0,0.0791812,0.1140496,0,0.3849724,0,0.86691320462738464,0.021094215422838965,-0.0068739685611895335,1.04,0,0.0269175096857,0.0516584202081,0.534159452882,0.370202226912,0.0873539708089,0.0570978545495,0.446939283305,0.636775071981,0.344357764289
31,H,Storage,DS8000,DS8000 HW,DS8000 SERIES FA,,102.0,0.0475414159547,0.0232002138471,0.0157547742646,0.0466377440347,0.103934238633,0.0,0.0157547742646,0.0,0.0466377440347,0.0,0.103934238633,0.0135735695704,,3.506081,0.01912,-0.035451,-0.070123,-0.017612,0.010598,0,0.003963,0,0.0,0.1399957,0.0058619,0.2799495,8.08e-05,0.0236079,0,0.3910505,0,0.86392592108143318,0.019513959670023201,-0.0051553426919146994,1.04,0,0.00164747485164,0.0475414159547,0.552255357568,0.956177635197,0.523624126723,0.0395068370802,0.653093252909,0.95554208093,0.623850413937
32,H,Storage,DS8000,DS8000 HW,DS8000 SERIES FA,2839a,96.0,0.0461109136456,0.0231345586759,0.0152965235174,0.0421203438395,0.104867256637,0.0,0.0152965235174,0.0,0.0421203438395,0.0,0.104867256637,0.0552614522922,,4.161419,0.02033,-0.040803,-0.086479,-0.021057,0.012086,0,0.003437,0,0.0,0.1177146,0.0022204,0.187703,1.56e-05,0.0131591,0,0.4664578,0,0.29547699736863564,0.019520126226522171,-0.0039905698060749423,1.04,0,0.00165054872464,0.0461109136456,0.570370601286,0.954865388238,0.540112937619,0.0396562248142,0.653001436403,0.955844206079,0.623969680177
33,H,Storage,FLASH,,,,458.0,0.107218623188,0.0424474048498,0.0409900990099,0.0975409836066,0.189891589438,0.0,0.0409900990099,0.0,0.0975409836066,0.0,0.189891589438,0.101092807056,,0.651512,-0.0111,0.016005,0,0.029609,-0.003522,0,0.015056,0,0.0,0.0215392,0.0017533,0,2e-07,0.3621767,0,6.52e-05,0,0.88893896432147312,0.038429766215271298,-0.00075192365801822481,1.04,0,0.103283761647,0.107218623188,0.552726916235,-0.162362840807,-0.250322708935,0.128659180484,0.385673050071,0.221924968326,0.101703733056
34,H,Storage,FLASH,FLASH SYSTEM,,,458.0,0.107218623188,0.0424474048498,0.0409900990099,0.0975409836066,0.189891589438,0.0,0.0409900990099,0.0,0.0975409836066,0.0,0.189891589438,0.101092807056,,0.651512,-0.0111,0.016005,0,0.029609,-0.003522,0,0.015056,0,0.0,0.0215392,0.0017533,0,2e-07,0.3621767,0,6.52e-05,0,0.88893896432147312,0.038429766215271298,-0.00075192365801822481,1.04,0,0.103283761647,0.107218623188,0.552726916235,-0.162362840807,-0.250322708935,0.128659180484,0.385673050071,0.221924968326,0.101703733056
35,H,Storage,FLASH,FLASH SYSTEM,FLASH SYSTEM 840,,340.0,0.107177726597,0.0395878724699,0.0646153846154,0.0975409836066,0.18670014939,1.11658879415,-0.018939466756,2.69973291444,-0.108764743645,2.36349716858,-0.046733177331,0.433400404679,,0.606325,-0.03071,0.037022,0.04124,0.032079,0,0,0,0,0.0,0.0561815,0.0243147,0.307489,0.0,0,0,0,0,0.9155435921158469,0.033204160978116549,-0.0028183873261876102,1.04,0,0.0807954468401,0.107177726597,0.54319691274,0.135460277103,-0.0215904980584,0.110159007681,0.459760567125,0.261337491448,0.124214262782
36,H,Storage,FLASH,FLASH SYSTEM,FLASH SYSTEM 840,9843a,317.0,0.105580075574,0.0401449851843,0.0646153846154,0.0947598253275,0.18903654485,1.11565714076,-0.019155308664,2.99964799663,-0.138455980757,2.32637600373,-0.0437669941032,0.486879053253,,0.704151,-0.00548,0.009573,0,0.030273,0.003869,0,0.004134,0,0.0,0.4614852,0.2319307,0,1e-07,0.3526471,0,0.2866766,0,0.91393664521531104,0.033137029708676373,-0.00073304512318231319,1.04,0,0.0811105207948,0.105580075574,0.569653805384,0.117473385884,-0.0255954727943,0.110770608983,0.457595769105,0.261953640372,0.124354760232
37,H,Storage,FLASH,FLASH SYSTEM,FLASHSYS V840,,79.0,0.104164797011,0.0426367351627,0.0409900990099,0.10119047619,0.168983957219,-0.121229213306,0.0824993154962,0.247064769995,0.0850529544752,0.287185080933,0.113222264026,0.309182256015,,-2.214425,-0.157129,0.19638,0.705614,0.038348,0,0,0.064265,0,1.35e-05,3.3e-06,3e-07,9.4e-05,0.2615673,0,0,0.0,0,0.90793062212662712,0.03415190969332773,0.015777920355372968,1.04,0,0.141217069887,0.104164797011,0.687719883936,-0.772022398148,-0.741825795612,0.163116747789,0.241103647098,0.152725088885,0.0626986973199
38,H,Storage,SAN & SVC,,,,3376.0,0.186723134558,0.0660608424452,0.0956570155902,0.176880222841,0.31407158044,0.598969064887,0.0268074280014,0.776029043064,0.0286411202586,0.705596699937,0.0814156468283,0.259627044124,,0.693138,0.018016,-0.006516,0.122251,0.038703,-0.002845,0,0,0,0.0,0.0,1.06e-05,0.0,0.0,0.1066033,0,0,0,0.9392401433430313,0.048821948735191918,-0.0098301845837821811,1.04,0,0.203394458621,0.186723134558,0.47232827416,-0.197723673085,-0.163646932342,0.256428057897,0.172985111113,0.212195951037,0.0435151065982
39,H,Storage,SAN & SVC,SAN / ENET SWITCH,,,1221.0,0.239698015286,0.0645248044436,0.125185185185,0.236141906874,0.3397424961,0.538281175678,0.0547348539359,0.464656873101,0.135253243409,0.202175241549,0.246633109175,0.188602031656,,1.801449,0.0091,-0.042519,-0.025731,-0.01198,-0.008925,0,-0.017391,0,0.0,0.0553865,0.0,0.3292832,0.0007666,0.0015424,0,0.0,0,0.96373385507227349,0.047272282323108039,0.0078825434959181873,1.04,0,0.233655921915,0.239698015286,0.606244839912,-0.0294913060273,-0.0701645734391,0.291878893887,0.327018502737,0.208102008794,0.0814283935315
40,H,Storage,SAN & SVC,SAN / ENET SWITCH,STORAGE AREA NETWORK,,1221.0,0.239698015286,0.0645248044436,0.125185185185,0.236141906874,0.3397424961,0.538281175678,0.0547348539359,0.464656873101,0.135253243409,0.202175241549,0.246633109175,0.188602031656,,1.801449,0.0091,-0.042519,-0.025731,-0.01198,-0.008925,0,-0.017391,0,0.0,0.0553865,0.0,0.3292832,0.0007666,0.0015424,0,0.0,0,0.96373385507227349,0.047272282323108039,0.0078825434959181873,1.04,0,0.233655921915,0.239698015286,0.606244839912,-0.0294913060273,-0.0701645734391,0.291878893887,0.327018502737,0.208102008794,0.0814283935315
41,H,Storage,SAN & SVC,SAN / ENET SWITCH,STORAGE AREA NETWORK,2498a,895.0,0.251492653676,0.0598101093793,0.1544,0.254473161034,0.343702748516,0.0,0.1544,0.0,0.254473161034,0.0,0.332859174964,0.0622962516221,,1.836824,0.03235,-0.065926,-0.103216,-0.004113,0.0064,0,-0.017104,0,0.0,1.4e-06,0.0,0.0014017,0.4588266,0.0449012,0,1e-07,0,0.42233646739907493,0.045483599922419009,0.0029805073580047581,1.04,0,0.246117997478,0.251492653676,0.586596223151,-0.0303499599733,-0.0618366891451,0.306392316092,0.30390649047,0.203924960197,0.0762377703764
42,H,Storage,SAN & SVC,SAN / ENET SWITCH,STORAGE AREA NETWORK,8960a,146.0,0.245897229606,0.0397155953905,0.170921985816,0.249405080612,0.320679838999,0.0,0.170921985816,0.0,0.249405080612,0.0,0.313471502591,0.134752187586,,2.421839,-0.066096,0,0.037195,-0.017629,-0.010125,0,-0.028957,0,0.0,0.0,0,0.0417871,0.0414714,0.0292707,0,0.0,0,0.73000500379617916,0.020707676042165099,0.0035078510057324763,1.04,0,0.242151432738,0.245897229606,0.617471398973,-0.0183600144196,-0.0342857160804,0.291384634328,0.294482549803,0.169122213832,0.0618063688272
43,H,Storage,SAN & SVC,SVC STORAGE ENGINE,,,2155.0,0.156708132531,0.044572889198,0.0882102272727,0.136842105263,0.230255839822,0.0,0.0882102272727,0.0,0.136842105263,0.0,0.230255839822,0.00814094099488,,3.015674,-0.028762,-0.0199,0.107797,-0.04309,-0.01167,0,0.006999,0,0.0,0.0,0.0,1e-07,0.0,0.0,0,1.98e-05,0,0.29811369000382026,0.037351234426489036,-0.019866027268365921,1.04,0,0.186248636495,0.156708132531,0.511533394924,-0.293042336741,-0.245518362266,0.227126105628,0.111192670794,0.181230509621,0.0233793808972
44,H,Storage,SAN & SVC,SVC STORAGE ENGINE,SVC STORAGE ENGINE,,2155.0,0.156708132531,0.044572889198,0.0882102272727,0.136842105263,0.230255839822,0.0,0.0882102272727,0.0,0.136842105263,0.0,0.230255839822,0.00814094099488,,3.015674,-0.028762,-0.0199,0.107797,-0.04309,-0.01167,0,0.006999,0,0.0,0.0,0.0,1e-07,0.0,0.0,0,1.98e-05,0,0.29811369000382026,0.037351234426489036,-0.019866027268365921,1.04,0,0.186248636495,0.156708132531,0.511533394924,-0.293042336741,-0.245518362266,0.227126105628,0.111192670794,0.181230509621,0.0233793808972
45,H,Storage,SAN & SVC,SVC STORAGE ENGINE,SVC STORAGE ENGINE,2145a,2086.0,0.158843048084,0.04294332662,0.0941398865784,0.136842105263,0.230255839822,0.0,0.0941398865784,0.0,0.136842105263,0.0,0.230255839822,0.0235945754728,,2.400634,-0.011495,-0.018895,0.097803,-0.022825,-0.015032,0,0.005667,0,0.0,0.0016332,0.0,4e-07,3.84e-05,0.0,0,0.0004128,0,0.30147448951193068,0.035899710159164405,-0.022000942820746355,1.04,0,0.187873559093,0.158843048084,0.509671900978,-0.277581158512,-0.233658288212,0.226842814844,0.108498126021,0.173269922752,0.0219980224443
46,H,Storage,STORWIZE V7000,,,,5197.0,0.189165479868,0.121503613886,0.0931818181818,0.247259352717,0.498449612403,0.555533403247,0.0284985507559,1.43982164545,-0.0659232342362,2.12449991999,-0.0962963184429,0.371977205293,,0.840206,-0.005871,0.00811,0.196263,0.016452,-0.008605,0,-0.014449,0,0.0,0.0904878,0.0104482,0.0,0.0,1.4e-06,0,0.0,0,0.92333549613085808,0.062250608120656838,-0.0027014869750189019,1.04,0,0.173917975111,0.189165479868,0.568815511291,-0.097621337213,-0.124915449422,0.229105080944,0.246685119097,0.211822013446,0.0744965048028
47,H,Storage,STORWIZE V7000,PURE FLEX,,,1120.0,0.126700236747,0.0330436047168,0.0911421911422,0.115261472785,0.187155963303,0.0,0.0911421911422,0.0,0.115261472785,0.0,0.187155963303,0.0126008196158,,1.73421,0.015852,-0.026003,-0.022924,0.013671,0.002311,0,-0.015272,0,0.0,2.2e-05,0.0,0.2382939,0.0002957,0.2083386,0,0.0,0,0.31468269331102716,0.027367002765171081,-0.011438763962142981,1.04,0,0.14721531273,0.126700236747,0.608819123791,-0.235190937092,-0.22651206194,0.177413064591,0.141973556914,0.176144184057,0.0361228139171
48,H,Storage,STORWIZE V7000,STORWIZE V7000,,,4077.0,0.206325419112,0.130967240622,0.0968197879859,0.252334991057,0.5,0.567434546735,0.0293546815565,1.47564458959,-0.0660765719115,2.05258073982,-0.0674975109512,0.363191760866,,0.840296,-0.01248,0.013088,0.236582,0.014591,-0.012437,0,-0.013678,0,0.0,0.0044104,0.0010879,0.0,1.6e-06,0.0,0,0.0,0,0.92203714323560904,0.068235945447851665,-0.00030125390521718032,1.04,0,0.181253511502,0.206325419112,0.557114380414,-0.0598293450951,-0.0954076392861,0.242606266954,0.275679273488,0.217365813298,0.085277114187
49,H,Storage,STORWIZE V7000,STORWIZE V7000,V3700 LFF EXPANSION,,109.0,0.370228555718,0.137408828509,0.160576271186,0.308510638298,0.526030395137,0.0,0.160576271186,0.0,0.308510638298,0.0,0.526030395137,0.071417219702,,3.498968,0,-0.141999,0,0,-0.023206,0,-0.055047,0,0.0,0,0.0,0,0,0.3425066,0,0.0164641,0,0.42109574549676332,0.10503145429688847,-0.061717917419779889,1.04,0,0.233350682826,0.370228555718,0.470606798427,0.262054234906,0.0326544672376,0.371463634824,0.418923674386,0.370380473249,0.160654617071
50,H,Storage,STORWIZE V7000,STORWIZE V7000,V3700 SFF CONTROL,,439.0,0.456469264489,0.113102794444,0.175159235669,0.497247706422,0.672986201221,0.0,0.175159235669,0.0,0.497247706422,0.0,0.526636225266,0.128295523819,,0.358435,-0.010254,-0.088903,0,0.720838,-0.07776,0,-0.028491,0,0.0,0.4309798,0.0,0,0.0,0.0,0,0.0033225,0,0.37060503772081577,0.089831814355735007,0.04077844193328467,1.04,0,0.232287242371,0.456469264489,0.61983380174,0.433371519577,0.234569236996,0.478530217201,0.600484343264,0.51445737234,0.312018306601
51,H,Storage,STORWIZE V7000,STORWIZE V7000,V3700 SFF EXPANSION,,298.0,0.372347735202,0.147121510198,0.145259938838,0.467438494935,0.686562278583,1.18235121721,-0.0650997224872,1.47502175525,0.00134657819383,-0.0231668502871,0.544838229713,0.216810059156,,0.827831,0,-0.023778,0.61141,0.18046,0,0,0.013056,0,0.0,0,0.0002717,0.0,0.0,0,0,0.3774095,0,0.91675007914195938,0.11551592057404032,-0.013910970207468176,1.04,0,0.244020637558,0.372347735202,0.579080718266,0.219373183473,0.0239588225704,0.384847877991,0.521095480352,0.368577816351,0.193345945119
52,H,Storage,STORWIZE V7000,STORWIZE V7000,V5000 LFF CONTROL,,541.0,0.13861435823,0.0312650503621,0.0922131147541,0.140862944162,0.19481981982,0.315342192905,0.0511097712664,0.356188217834,0.080455053637,0.287157344112,0.127466914072,0.256130807862,,0.704814,0.007498,0,0.111535,0.007742,-0.008654,0,0,0,0.0,9.55e-05,0,0.0,0.1851514,0.0007713,0,0,0,0.95907246173422001,0.028746931730635441,-0.0013967956200176546,1.04,0,0.164732156023,0.13861435823,0.558025567126,-0.239396581224,-0.220557364401,0.179828987052,0.126618360412,0.0916270240057,0.0181879811675
53,H,Storage,STORWIZE V7000,STORWIZE V7000,V5000 LFF CONTROL,2078a,493.0,0.136699189813,0.0306315101348,0.0880668257757,0.136258660508,0.184589041096,0.305961007738,0.052657960373,0.411237244194,0.0692542471051,0.306330755114,0.123530370807,0.304095591738,,0.758858,0.00528,0,0.126654,0.008674,-0.00564,0,-0.003225,0,0.0,0.0083463,0,0.0,0.1686492,0.0272743,0,0.2159836,0,0.96123929289276955,0.027580377906898917,0.00054593652244730451,1.04,0,0.165332494053,0.136699189813,0.574906432802,-0.258849852223,-0.232880814956,0.180537729657,0.12244579468,0.0915930318725,0.0167915966927
54,H,Storage,STORWIZE V7000,STORWIZE V7000,V5000 LFF EXPANSION,,115.0,0.139410482999,0.0550867775047,0.0614023639498,0.124149659864,0.242199105812,1.3955368508,-0.0867560507554,2.488639312,-0.178723166614,2.40845802345,-0.104953513542,0.515630501394,,0.419633,-0.02845,0.03164,0.25476,0.051979,0.039353,0,0.018298,0,0.0004945,0.2735487,0.2010099,0.1439687,0.0184342,0.0011299,0,0.1250523,0,0.8620309338910237,0.055678921186821703,-0.0027838158075140507,1.04,0,0.128861784126,0.139410482999,0.5344128552,-0.0744149650281,-0.181582039732,0.171177188515,0.270066349775,0.241851851863,0.0670220105473
55,H,Storage,STORWIZE V7000,STORWIZE V7000,V5000 LFF EXPANSION,2078a,91.0,0.137987573822,0.0561663355236,0.0612903225806,0.124149659864,0.258360655738,1.71589952385,-0.136123701486,3.16385646939,-0.272914530059,3.06117543883,-0.188657129744,0.570021112989,,0.448201,0,0.007446,0.171756,0.095338,0.025909,0,0,0,3.3e-06,0,0.0084563,0.0752342,0.0084293,0.0456577,0,0,0,0.85519497278673318,0.056691979697459677,-0.0018614773310028088,1.04,0,0.12922662491,0.137987573822,0.556524612523,-0.102895788455,-0.202030592998,0.170446383454,0.27666866725,0.235210419343,0.0679293836134
56,H,Storage,STORWIZE V7000,STORWIZE V7000,V5000 SFF CONTROL,,2406.0,0.150928328915,0.0337516211473,0.0979127134725,0.15009009009,0.20626566416,0.186701010984,0.0856648769083,0.201725448177,0.117522261941,0.307503505105,0.134334222973,0.150336602362,,1.821515,-0.003256,-0.018768,0,-0.00389,-0.007862,0,-0.012776,0,0.0,0.0533727,0.0,0,0.0467413,0.0,0,0.0,0,0.96220291246267164,0.030067438581631533,-0.00065493176464295755,1.04,0,0.167909650727,0.150928328915,0.565100632356,-0.155952898681,-0.134398250491,0.1968893286,0.208687429961,0.157619451563,0.044342482184
57,H,Storage,STORWIZE V7000,STORWIZE V7000,V5000 SFF CONTROL,2077a,70.0,0.160531659317,0.0304410200633,0.116336633663,0.159643435981,0.216894977169,0.351879817221,0.0675907499569,0.45566915103,0.0823041269181,0.619091923414,0.0816784917091,0.67798265218,,0.77312,-0.052141,0.047846,0.192051,0.025747,0.017204,0,0.013158,0,0.0,0.0,0.0,1e-07,1.35e-05,0.0004071,0,0.0067897,0,0.99267424210377575,0.013984858474927267,-0.0011346086759434215,1.04,0,0.169186181572,0.160531659317,0.6096778087,-0.0614000592059,-0.0738185720633,0.187739929578,0.234568708746,0.106196120364,0.0360535410924
58,H,Storage,STORWIZE V7000,STORWIZE V7000,V5000 SFF CONTROL,2078a,2336.0,0.150640557885,0.0338037537338,0.0972527472527,0.15,0.206049149338,0.0,0.0972527472527,0.0,0.15,0.0,0.206049149338,0.145211499354,,1.934706,-0.003252,-0.021509,-0.012201,-0.006843,-0.008509,0,-0.013139,0,0.0,0.2272917,0.0,0.3302879,0.0007916,0.0,0,0.0,0,0.20946036986278327,0.030062128649149249,-0.00064055788459485563,1.04,0,0.167871398519,0.150640557885,0.56546071068,-0.158786245755,-0.13628586585,0.197505691797,0.206911059628,0.16058521264,0.0448742086693
59,H,Storage,STORWIZE V7000,STORWIZE V7000,V5000 SFF EXPANSION,,133.0,0.148492619669,0.0422899456082,0.0756034482759,0.164609053498,0.235769593511,0.606315117289,0.0159078140307,0.322466751376,0.0849559952365,0.454495481264,0.116348864862,0.265647330906,,0.78658,0.06511,-0.053432,-0.066907,0.009409,0.012407,0,0,0,0.0,0.0007216,0.0018225,0.4575268,0.3469644,0.1230107,0,0,0,0.93921540063543452,0.038065910284826816,-0.0047707031440523129,1.04,0,0.166262800509,0.148492619669,0.531431764377,-0.193411204024,-0.193155028163,0.195888759385,0.218232597948,0.168377745703,0.050070658862
60,H,Storage,STORWIZE V7000,STORWIZE V7000,V5000 SFF EXPANSION,2078a,115.0,0.140728321322,0.0392515183325,0.0756034482759,0.138263665595,0.19324601564,0.0,0.0756034482759,0.0,0.138263665595,0.0,0.185568148366,0.0472993367066,,2.858279,0.033347,-0.078929,-0.145361,-0.016183,0,0,0,0,0.0,0.0090638,0.0,0.0202385,0.0236858,0,0,0,0,0.61654522424271252,0.024412374906319083,-0.0024646557267785085,1.04,0,0.154361872633,0.140728321322,0.575741054038,-0.183200900678,-0.165651541574,0.187933212683,0.220086751351,0.187053756772,0.0550898063931
61,H,Storage,SYSTEM N,,,,131.0,0.0317205531975,0.00881452083666,0.0181946403385,0.030942408377,0.0450511945392,0.0,0.0181946403385,0.0,0.030942408377,0.0,0.0450511945392,0.0835219205333,,-0.345217,0.002589,0.003632,0.052675,-0.00256,0.005503,0,0.004798,0,0.2290937,0.3410607,0.1527911,0.0159918,0.2200924,0.0077978,0,0.2238625,0,0.32212522680673283,0.0072851318536502072,-0.0007781448205061714,1.04,0,0.0394914457657,0.0317205531975,0.547302157432,-0.291246189062,-0.208032358232,0.0456678681599,0.138420186819,0.162612722832,0.0617794431626
62,H,Storage,TAPE & TAPE FRAME,,,,3908.0,0.182909253328,0.0882217960207,0.0614564831261,0.17513321492,0.33153638814,0.383918296427,0.07102478616,0.543207118654,0.0953492712761,0.717305835086,0.132240117491,0.516600995551,,0.934987,0.012496,-0.008481,0.019923,0.018339,-0.012631,0,-0.006848,0,0.0,0.0,3.39e-05,0.1290614,0.0,0.0,0,0.0003759,0,0.91924202422100021,0.057709344928560807,0.00043341345285910493,1.04,0,0.157489400871,0.182909253328,0.617690243474,0.123976165978,0.00796572062814,0.207752229547,0.476237385997,0.315294356398,0.186394963613
63,H,Storage,TAPE & TAPE FRAME,TAPE,,,2979.0,0.202133566895,0.0860937756623,0.0718446601942,0.205109489051,0.332894736842,0.417243922179,0.0715943623967,0.544456336315,0.102698728719,0.6525448487,0.154240634338,0.508045305432,,0.981763,0.017562,-0.013108,-0.027987,0.024104,-0.014901,0,-0.00886,0,0.0,0.0,0.0,0.0600617,0.0,0.0,0,9.03e-05,0,0.92770963485802216,0.059071688554677045,0.0018343076320436469,1.04,0,0.176357275911,0.202133566895,0.600107240157,0.110162273889,-0.00113780776836,0.228975998443,0.442258726628,0.290381562532,0.17065478711
64,H,Storage,TAPE & TAPE FRAME,TAPE,STORAGE DEVICE ENCLOSURE,,114.0,0.293581749621,0.0750100022381,0.121778045529,0.313448827161,0.449516326136,-0.447227705154,0.317952378637,0.64697037729,0.131339076735,0.756368063048,0.162419724318,0.244825960934,,1.506532,0.056133,-0.066373,-0.15018,0,-0.057152,0,0,0,0.0,0.0012817,0.0001466,0.3307075,0,0.0005268,0,0,0,0.94764084627316114,0.069335755721333464,0.011578146539239886,1.04,0,0.268668899731,0.293581749621,0.582655549635,-0.0583841434192,-0.13406688403,0.335586862111,0.416349031294,0.199960154268,0.0901737891634
65,H,Storage,TAPE & TAPE FRAME,TAPE,TOTALSTORAGE TAPE MEDIA,,221.0,0.235142625208,0.0673282028076,0.127810650888,0.21975308642,0.36170212766,0.0331039728164,0.167672914389,0.783110785999,0.0532647431768,0.79311956051,0.110342768149,0.24468373958,,0.998631,0.02065,-0.017535,0,0,-0.046922,0,0.022385,0,0.0,0.0003953,0.0024309,0,0,1e-07,0,0.0104023,0,0.9453952303607116,0.057155385113433439,0.0037233686919777853,1.04,0,0.237005100735,0.235142625208,0.633479981595,-0.0695230154997,-0.117400154709,0.276784478341,0.334550490455,0.145827702016,0.0523404174002
66,H,Storage,TAPE & TAPE FRAME,TAPE,TS1030 TAPE DRIVE,,339.0,0.114439226481,0.0389226634291,0.0635542168675,0.108414239482,0.18041958042,-3.27373582622,0.28329276747,-2.63641027139,0.269320906615,-1.68139993225,0.261653458472,0.435316957002,,0.467905,0.041296,-0.02797,0,0.096129,-0.008606,0,-0.015779,0,0.0008467,0.0,0.0,0,0.0,0.0150352,0,9.4e-06,0,0.93890748070057162,0.029877110898449247,-0.0074706837900268275,1.04,0,0.0615808418311,0.114439226481,0.600366865455,0.388368159685,0.186888258081,0.10858879706,0.668898698969,0.41722154622,0.295271414252
67,H,Storage,TAPE & TAPE FRAME,TAPE,TS2230 EXTERNAL TAPE DRIVE (HALF HIGH),,537.0,0.276916041167,0.0475304876658,0.20447761194,0.294943820225,0.363103024205,0.0,0.20447761194,0.0,0.294943820225,0.0,0.3407960199,0.0334756944021,,0.539792,0,0.023889,0.030515,0.04548,0.005179,0,-0.004413,0,7.5e-06,0,0.0002814,0.3144682,0.1128884,0.3627545,0,0.3162556,0,0.039999686950699442,0.046613606488600523,0.018027779058257809,1.04,0,0.255560952623,0.276916041167,0.653082418601,0.0462657206061,-0.0101419434439,0.312321768258,0.454816012852,0.182550010392,0.0863387520231
68,H,Storage,TAPE & TAPE FRAME,TAPE,TS3100 TAPE LIBRARY,,531.0,0.215183693495,0.026656617171,0.172072072072,0.217543859649,0.261580025779,0.0,0.172072072072,0.0,0.217543859649,0.0,0.260144404332,0.0280920475337,,1.567457,0.018595,-0.035167,-0.132425,-0.009363,-0.016876,0,-0.010288,0,0.0,0.0059562,0.0,0.0,0.0029166,0.0,0,6.6e-06,0,0.15615645573470915,0.024510113747860593,0.0023601661540778585,1.04,0,0.201908220901,0.215183693495,0.624774290411,0.0488790669886,0.0117501155413,0.237902849949,0.383915966754,0.161059017234,0.0856540360463
69,H,Storage,TAPE & TAPE FRAME,TAPE,TS3310 TAPE EXPANSION LIBRARY,,126.0,0.26089127259,0.0494705640157,0.217469879518,0.263134909005,0.332846715328,0.0,0.217469879518,0.0,0.263134909005,0.0,0.332846715328,0.108157989771,,1.436742,0,-0.013445,-0.12343,-0.023013,-0.028073,0,0,0,0.0,0,0.0515504,0.0036636,0.0441021,0.0014347,0,0,0,0.11697340842307502,0.046672817520538534,0.0022436364150213439,1.04,0,0.190809775899,0.26089127259,0.651666131135,0.247780803288,0.113455316169,0.288583934648,0.511851505047,0.403121349924,0.337721293132
70,H,Storage,TAPE & TAPE FRAME,TAPE,TS3500 EXPANSION FRAME (LTO CARTRIDGES),,926.0,0.163783752842,0.0952007235498,0.0507710557533,0.146532438479,0.336184210526,0.222257345416,0.0660979712845,0.388363005841,0.105954412778,0.693992481432,0.150191882689,0.410487035591,,1.035505,0.032881,-0.029267,-0.049313,0.056554,-0.017492,0,-0.015923,0,0.0,0.0,0.0,0.2585622,0.0,0.0011814,0,0.0031946,0,0.82958522851811256,0.078204192148485133,-0.0050663035295037684,1.04,0,0.135860099291,0.163783752842,0.59140502072,0.12775921364,-0.0392253462084,0.201214864087,0.445815143611,0.423579808266,0.250125030838
71,H,Storage,TAPE & TAPE FRAME,TAPE,ULTRIUM TAPE CARTRIDGES,,110.0,0.169444417717,0.0614398814496,0.110714285714,0.188354661417,0.314814814815,0.282927960644,0.074563013429,0.136133983964,0.130046591733,1.28255778972,0.0580211877372,0.181128658582,,2.029012,0,-0.034615,0.164256,0,0.022907,0,0.030131,0,0.0,0,0.0,0.0004827,0,0.0293361,0,0.0009951,0,0.95711760904935039,0.037324106406010887,-0.01792209040835166,1.04,0,0.157291163274,0.169444417717,0.661928044684,0.0157987665624,-0.0394518104032,0.205633431125,0.340460787394,0.235055622939,0.0834784855745
72,H,Storage,TAPE & TAPE FRAME,TAPE FRAME,,,691.0,0.121595873664,0.0498720014879,0.0553970223325,0.127924528302,0.230905861456,0.936796133528,0.0228887547644,0.956067813547,0.0386719501555,0.360186897023,0.115662484724,0.381365826511,,1.274591,-0.014307,0.010904,0.198791,-0.029037,-0.016339,0,-0.008694,0,0.0,0.0021976,0.0110191,0.0,5.14e-05,8.99e-05,0,0.0049463,0,0.92381982036517951,0.036274549642899882,-0.0079590422772083669,1.04,0,0.0920888122776,0.121595873664,0.776933569352,0.199344290124,0.122808587161,0.132180660604,0.73723378473,0.338150617158,0.226790336179
73,H,Storage,TAPE & TAPE FRAME,TAPE FRAME,TAPE FRAME,,691.0,0.121595873664,0.0498720014879,0.0553970223325,0.127924528302,0.230905861456,0.936796133528,0.0228887547644,0.956067813547,0.0386719501555,0.360186897023,0.115662484724,0.381365826511,,1.274591,-0.014307,0.010904,0.198791,-0.029037,-0.016339,0,-0.008694,0,0.0,0.0021976,0.0110191,0.0,5.14e-05,8.99e-05,0,0.0049463,0,0.92381982036517951,0.036274549642899882,-0.0079590422772083669,1.04,0,0.0920888122776,0.121595873664,0.776933569352,0.199344290124,0.122808587161,0.132180660604,0.73723378473,0.338150617158,0.226790336179
74,H,Storage,TAPE & TAPE FRAME,TAPE FRAME,TAPE FRAME,3.59a,485.0,0.134549211742,0.0463616944556,0.0699822380107,0.129056603774,0.289671361502,1.29432193597,-0.00661204049608,1.32332344261,0.00161584197644,0.269481779683,0.123254503822,0.439004759292,,2.417609,-0.019961,0.008835,0.224914,-0.164404,-0.062367,0,-0.002047,0,0.0,0.0004111,0.1112777,0.0,0.0,0.0,0,0.2783095,0,0.98259325350548055,0.018775969894502722,-0.0060601815424785044,1.04,0,0.0966673415545,0.134549211742,0.799365462825,0.253402892262,0.172494147796,0.133440603108,0.834550586459,0.273688335835,0.21590321285
75,H,Storage,TAPE & TAPE FRAME,TAPE FRAME,TAPE FRAME,3592a,206.0,0.0910989369268,0.0442430242461,0.0511461318052,0.120071802578,0.2304,0.0,0.0511461318052,0.0,0.0786692759295,0.0,0.2304,0.0232858277558,,2.187906,0.014947,-0.026997,-0.060872,0.02907,-0.017638,0,-0.013861,0,3e-07,0.0378243,3.2e-06,0.1197069,0.0372277,0.0025762,0,0.0276376,0,0.2634069479746225,0.038064076218699901,-0.012429660997323996,1.04,0,0.0813092651934,0.0910989369268,0.710376949279,0.072070396739,0.0370840333656,0.14273901291,0.486863120402,0.535563917745,0.272375850478
76,H,Storage,TAPE & TAPE FRAME,VIRT ENGINE,,,209.0,0.100176592448,0.060333245059,0.0178571428571,0.0885714285714,0.230769230769,0.0,0.0178571428571,0.0,0.0885714285714,0.0,0.230769230769,0.113331239249,,3.317862,0.019004,-0.056022,-0.085378,0.032082,-0.024984,0,0.031145,0,0.0,0.0210044,0.0,0.2075931,0.0033839,0.0016788,0,3.03e-05,0,0.86650696044232378,0.042726776214588549,-0.012301028815842635,1.04,0,0.0453476221498,0.100176592448,0.503854316085,0.453007760923,0.166250725029,0.10383999906,0.451514675532,0.573251849016,0.279635416577
77,H,Storage,TAPE & TAPE FRAME,VIRT ENGINE,IBM VIRT. ENGINE TS7740,,101.0,0.0952969728136,0.0523982006291,0.0276804123711,0.0885714285714,0.255752212389,0.504541518665,0.0135244696349,0.370711674373,0.0642544589554,1.13871165998,0.0533548218842,0.315428502862,,1.411891,-0.131171,0.112322,0.558895,0,-0.053742,0,0.008197,0,2.47e-05,0.0,0.0,3e-07,0,8e-07,0,0.3274007,0,0.91560702616424694,0.031593081981651783,-0.0058258057402640895,1.04,0,0.0680224278358,0.0952969728136,0.516857776531,0.173998786483,-0.0123703249537,0.102848362097,0.418555622547,0.352572764543,0.158123853662
78,H,Storage,TAPE & TAPE FRAME,VIRT ENGINE,IBM VIRT. ENGINE TS7740 SERVER,,108.0,0.10473994044,0.0665849773503,0.0178571428571,0.086383378933,0.230769230769,0.0,0.0178571428571,0.0,0.086383378933,0.0,0.230769230769,0.120333190799,,5.369226,0.015104,-0.081392,-0.257715,0,-0.0136,0,0.041329,0,0.0,0.0251763,0.0,0.0041428,0,0.1385895,0,6.4e-06,0,0.65717607295898306,0.039168037143183732,-0.018356561506893368,1.04,0,0.0241424797954,0.10473994044,0.56562241138,0.713932820354,0.391072693133,0.112258045555,0.498372749982,0.798602943865,0.416753525324
79,S,,,,,,27166.0,0.302894912556,0.179332452703,0.103804347826,0.252268602541,0.640951674438,0.605503829284,0.130152974722,0.797484523812,0.232186739725,0.701512392432,0.398048548663,0.425518664153,,1.034066,0,-0.003144,0.421232,0,0.024849,0,-0.009421,-0.039208,0.0,0,0.0,0.0,0,0.0,0,0.0,7e-07,0.86173752239831547,0.13088726226817826,-0.017464709162184289,1.04,0,0.0759668453602,0.302894912556,0.539145720636,0.75608752506,0.377529271846,0.262847252532,0.692629359624,0.786447190376,0.558549902778
80,S,Power,,,,,17245.0,0.350327730369,0.203830420101,0.1,0.28590078329,0.774410774411,0.674378706625,0.121906485915,0.754176986851,0.254851926182,0.467246927417,0.492551893855,0.419122652377,,0.923221,0.010865,-0.007293,0.660816,0,0.04833,0,-0.004636,0.03283,0.0,2e-07,1.1e-06,0.0,0,0.0,0,0.0514929,0.0010427,0.85778367704084069,0.15284887863858276,-0.025612474974160304,1.04,0,0.107376243135,0.350327730369,0.521398688989,0.682509491064,0.316171151065,0.309109266929,0.619960255147,0.727420875691,0.45971426355
81,S,Power,OTHER POWER,,,,16632.0,0.341744690372,0.195964578025,0.0992248062016,0.282079646018,0.685920577617,0.602691414804,0.12710228259,0.691947959113,0.260870118268,0.459035658907,0.488886043597,0.345626767131,,0.919741,0.010103,-0.006883,0.65377,0,0.050436,0,-0.004601,0.032488,0.0,2.2e-06,6e-06,0.0,0,0.0,0,0.0596131,0.0034255,0.84719132519803408,0.15399550311478932,-0.025682926754004076,1.04,0,0.097060077268,0.341744690372,0.520618222936,0.69350498047,0.321057069251,0.299568840665,0.614666867667,0.739330020958,0.466349567748
82,S,Power,OTHER POWER,INDUSTRY SW,,,427.0,0.308025127526,0.183980974923,0.070460704607,0.265040650407,0.639175257732,0.0,0.070460704607,0.0,0.265040650407,0.0,0.639175257732,0.059188671907,,4.635101,-0.089429,-0.131924,0,0,0.02455,0,0.048011,0,0.0,0.0,0.0,0,0,0.0709667,0,8.98e-05,0,0.87985170037687865,0.12436441526164127,-0.045492256351751748,1.04,0,0.0250052384477,0.308025127526,0.542828852842,0.867043904807,0.447091564366,0.272282568364,0.613420323825,0.900087772728,0.552468428264
83,S,Power,OTHER POWER,INDUSTRY SW,RATIONAL DEVELOPMENT STUDIO,,176.0,0.359401422433,0.217272996029,0.0699921253139,0.279132791328,0.639725233061,0.0,0.0699921253139,0.0,0.279132791328,0.0,0.639725233061,0.118561312417,,3.727807,0.023532,-0.169088,0,0,0,0,0.080268,0,0.0,0.4198635,0.0,0,0,0,0,0.0002603,0,0.57811132237738283,0.14152787883018964,-0.080268631105321342,1.04,0,0.0250100362232,0.359401422433,0.496044162219,0.869705645033,0.402177356049,0.296510956668,0.596466497066,0.907456784921,0.542279423951
84,S,Power,OTHER POWER,INDUSTRY SW,RTL APP MGMT TOOLSET FOR I,,221.0,0.279240973287,0.150831583038,0.0845890410959,0.24897260274,0.575342465753,0.0,0.0845890410959,0.0,0.24897260274,0.0,0.575342465753,0.0967547125692,,4.134228,-0.114062,-0.098577,105.514559,0,0,0,0.017544,0,0.0,0.0199744,1.68e-05,0.0,0,0,0,0.1469271,0,0.66520376544096371,0.087471659912326236,-0.030268370546827045,1.04,0,0.0250021286962,0.279240973287,0.560027818518,0.873744971073,0.473251827706,0.251298226704,0.628138662233,0.891077128306,0.559984106401
85,S,Power,OTHER POWER,O/S AIX,,,3980.0,0.302459192191,0.152768953238,0.105902383655,0.273770491803,0.6391184573,0.0,0.105902383655,0.0,0.273770491803,0.0,0.6391184573,0.0203301864058,,1.052916,0.004279,-0.007711,1.0197,0,0.018081,0,-0.020916,0.304631,0.0,0.2790879,0.0174397,0.0,0,5.52e-05,0,4e-06,0.0001389,0.83386459568667082,0.13811463778423805,-0.015373228203257427,1.04,0,0.0528193728658,0.302459192191,0.52312568728,0.774407516669,0.378041046568,0.255212711486,0.615264685257,0.789421207844,0.491672831544
86,S,Power,OTHER POWER,O/S AIX,AIX ENT ED,,477.0,0.244513894283,0.118115970729,0.0913043478261,0.249808429119,0.476014760148,0.0,0.0913043478261,0.0,0.249808429119,0.0,0.476014760148,0.111552327939,,3.262831,0.063643,-0.139732,-0.887557,0,0.009036,0,-0.017418,0,0.0,1.79e-05,0.0,0.0062613,0,0.4123268,0,0.0687406,0,0.8576038195828708,0.10246985098197608,-0.0032127034858709935,1.04,0,0.0864992729062,0.244513894283,0.563852461951,0.561667297758,0.269400900469,0.246617065017,0.53445109673,0.649664697771,0.356023749328
87,S,Power,OTHER POWER,O/S AIX,AIX ENT ED,5773a,411.0,0.244600011747,0.119284640966,0.088307530581,0.239935064935,0.476014760148,0.0,0.088307530581,0.0,0.239935064935,0.0,0.476014760148,0.0930156680171,,3.533632,0.050108,-0.141827,-0.823387,0,0.035823,0,-0.020554,0,0.0,0.0019617,0.0,0.0100168,0,0.0019235,0,0.0394151,0,0.33209088114236573,0.097605029427382792,-0.0046649468118374893,1.04,0,0.0843037808919,0.244600011747,0.567919310801,0.576369920501,0.284140068342,0.24732537011,0.540496925836,0.65988412499,0.366365355863
88,S,Power,OTHER POWER,O/S AIX,AIX SPO,,589.0,0.318797215869,0.168304011534,0.0925619834711,0.300275482094,0.6391184573,0.0,0.0925619834711,0.0,0.300275482094,0.0,0.6391184573,0.0399508904889,,2.243964,0,-0.065285,4.974004,0,-0.026442,0,-0.025031,0,0.0,0,0.0,9.2e-06,0,0.0354539,0,0.0643589,0,0.21570490466787451,0.14917745765234103,-0.018521733775147708,1.04,0,0.0250288344161,0.318797215869,0.530569437221,0.887373137413,0.452800886375,0.269120306163,0.625525244865,0.902465098349,0.564604965364
89,S,Power,OTHER POWER,O/S AIX,AIX STD ED,,950.0,0.326938242628,0.153509775439,0.116044298245,0.300500834725,0.638795986622,0.0,0.116044298245,0.0,0.300500834725,0.0,0.638795986622,0.0298747819036,,3.160914,-0.099868,-0.04704,0,0,0.024642,0,-0.022829,0,0.0,0.0,0.0,0,0,0.0059437,0,0.0120535,0,0.22515686552525227,0.13519842349633449,-0.026437407902624721,1.04,0,0.0249994397079,0.326938242628,0.514408599984,0.902638803197,0.452175300182,0.262022996168,0.667353241658,0.899808681576,0.600169788546
90,S,Power,OTHER POWER,O/S AIX,AIX/LINUX,,891.0,0.285199547436,0.149971763562,0.0990361445783,0.263758389262,0.638554216867,0.0,0.0990361445783,0.0,0.263758389262,0.0,0.638554216867,0.00777508701205,,2.414819,0.008664,-0.07226,0.597655,0,-0.027372,0,0,0.27053,0.0,0.2138797,0.0,0.0,0,0.0019634,0,0,0.0001323,0.85894610561865758,0.12101929525257087,-0.021267492074079353,1.04,0,0.0257020262133,0.285199547436,0.550706635495,0.878554077916,0.467363419161,0.245460819197,0.640419221493,0.888779046998,0.5693075612
91,S,Power,OTHER POWER,O/S AIX,AIX/LINUX,5765a,879.0,0.286995760354,0.15004177957,0.0990361445783,0.26393442623,0.638554216867,0.0,0.0990361445783,0.0,0.26393442623,0.0,0.638554216867,0.00579503205187,,2.579531,0.005295,-0.076725,0.549311,0,-0.032241,0,0,0.266203,0.0,0.4481286,0.0,0.0,0,0.0002765,0,0,0.0001542,0.35822475573891177,0.12026821530027042,-0.023061334123651744,1.04,0,0.0251994813035,0.286995760354,0.549445694981,0.882648590911,0.469419353257,0.247159425561,0.640891071105,0.89157359933,0.571208910698
92,S,Power,OTHER POWER,O/S AIX,SWMA FOR AIX,,1037.0,0.307051860341,0.146866611674,0.143805309735,0.271586715867,0.639380530973,0.0,0.143805309735,0.0,0.271586715867,0.0,0.639380530973,0.00588919863837,,0.804832,0.010067,0,0.561278,0,0.04511,0,-0.035861,0,0.0,0.0003468,0,8.7e-06,0,0.0,0,5.6e-06,0,0.86987138374917805,0.12278226390286277,0.0016696610542843437,1.04,0,0.101344179427,0.307051860341,0.560055048857,0.600238943227,0.299669836783,0.285989929844,0.598954338577,0.627756136421,0.378225588105
93,S,Power,OTHER POWER,O/S AIX,SWMA FOR AIX,5771a,141.0,0.500354749251,0.168154613987,0.168874172185,0.575963718821,0.795598006644,0.0,0.168874172185,0.0,0.575963718821,0.0,0.641196013289,0.00520683698676,,2.192652,0,-0.148276,-1.104096,0,0,0,-0.179228,0,0.0,0,0.0,0.0003351,0,0,0,0.0,0,0.44331030735103893,0.1259102009351265,0.075608969569901596,1.04,0,0.10324761749,0.500354749251,0.672467635668,0.752256534178,0.489371253478,0.510704029628,0.700349870391,0.78934518433,0.554637591589
94,S,Power,OTHER POWER,O/S AIX,SWMA FOR AIX,5773a,896.0,0.276632544118,0.117085443532,0.138264826574,0.266666666667,0.575376884422,0.0,0.138264826574,0.0,0.266666666667,0.0,0.575376884422,0.0066738970374,,2.315958,-0.046987,-0.031539,0,0,0.032603,0,-0.023614,0,0.0,9.1e-06,0.0,0,0,1.38e-05,0,0.0016123,0,0.12957263363189031,0.10929786057404278,-0.0099658774509606696,1.04,0,0.101044642857,0.276632544118,0.565016120372,0.576316532151,0.288693519523,0.259198393349,0.591015576708,0.604510936792,0.357931040397
95,S,Power,OTHER POWER,O/S I,,,5289.0,0.399194482664,0.202295696471,0.0992248062016,0.371212121212,0.691224268689,0.355910688646,0.158641588688,0.453791658555,0.338926696763,0.334691309272,0.577269896966,0.260073698541,,0.885899,0.019358,-0.021597,0.425921,0,0.108212,0,0.014652,0,0.0,6.87e-05,0.0,0.0,0,0.0,0,0.0044459,0,0.83747783101738205,0.18041592187633884,-0.035684623165331664,1.04,0,0.114200190149,0.399194482664,0.493588328678,0.69147831718,0.291354244297,0.350504546319,0.590666287692,0.761321539713,0.477482190101
96,S,Power,OTHER POWER,O/S I,DB2 / QUERY / SQL,,865.0,0.52001291713,0.215833629203,0.145725646123,0.574493444577,0.875974025974,0.324407237981,0.152399972979,0.366576353363,0.379508349736,0.196835062923,0.668349442985,0.327890152529,,0.825001,0.137175,-0.087384,0,0,0.05181,0,0.05295,0,0.0,0.0,0.0,0,0,0.0001713,0,5.98e-05,0,0.8973709404179081,0.18036952208666041,0.029349444216788534,1.04,0,0.397618935562,0.52001291713,0.582576263123,0.107834511586,-0.0369042628523,0.61990316167,0.425408815251,0.455903206701,0.276453006261
97,S,Power,OTHER POWER,O/S I,DB2 / QUERY / SQL,5661a,227.0,0.590012802209,0.17493065249,0.227193932828,0.664138678223,0.861294691224,0.359171063131,0.200931198145,0.125440679415,0.567773818811,0.179605293463,0.649429323934,0.195625885365,,3.009587,-0.159059,-0.169904,-0.573829,0,0,0,0.048213,0,0.0,0.0065951,0.0,0.2376746,0,0,0,0.020353,0,0.94209992209835203,0.14807996703042225,0.040706413097798433,1.04,0,0.501794129219,0.590012802209,0.636135748763,-0.0557398818693,-0.165849887968,0.674642576855,0.438625664201,0.311073159015,0.186936321405
98,S,Power,OTHER POWER,O/S I,DB2 / QUERY / SQL,5662a,103.0,0.532300312026,0.246071820014,0.0768888888889,0.524324324324,1.0,0.619036680988,-0.0358119189335,-0.236938201007,0.656287034799,0.0794980936148,0.861203696111,0.280889631399,,0.517528,0.366313,-0.183727,-1.776861,0,0,0,0.077785,0,0.0919999,2.7e-05,0.000216,0.1553685,0,0,0,0.1099231,0,0.84204125638539462,0.23306912334613333,0.010355738697007788,1.04,0,0.47958068219,0.532300312026,0.604519332042,-0.360745891406,-0.466751332662,0.740250043797,0.293677192563,0.395294960897,0.176051406967
99,S,Power,OTHER POWER,O/S I,DB2 / QUERY / SQL,5664a,151.0,0.603987511215,0.165416194191,0.306859205776,0.635379061372,0.899187725632,0.0,0.306859205776,0.0,0.635379061372,0.0,0.848375451264,0.0864466323936,,1.847964,0,-0.110948,-1.572882,0,0.080889,0,0,0,0.0,0,0.0002456,0.001901,0,0.0134963,0,0,0,0.20918384042373805,0.14759057892363125,0.031391550156922299,1.04,0,0.49038180255,0.603987511215,0.583918472509,0.148352818027,0.0520103731402,0.706181367158,0.414758368191,0.353595099809,0.208174624498
100,S,Power,OTHER POWER,O/S I,DB2 / QUERY / SQL,5733a,196.0,0.537339390411,0.190517195302,0.175,0.602032520325,0.845689655172,0.0,0.175,0.0,0.602032520325,0.0,0.741379310345,0.0828690827559,,1.36956,0.141355,-0.156336,-0.225033,0,-0.031331,0,0.127641,0,9.3e-06,0.0014594,2e-07,0.2458735,0,0.2699145,0,2.9e-06,0,0.28543981566395027,0.16145976503293949,0.064693129913778846,1.04,0,0.519830250829,0.537339390411,0.643937897475,-0.243112524417,-0.274265045111,0.706886947682,0.356288082096,0.29596958978,0.157054109986
101,S,Power,OTHER POWER,O/S I,DB2 / QUERY / SQL,5770a,188.0,0.343248406186,0.202911483427,0.121428571429,0.237187127533,0.638855780691,875.922007225,-21.7550548102,2111.29997036,-52.4732618424,294.419305966,-6.73869795684,0.180659384406,,0.600596,0.121861,-0.074634,0.654988,0,0.126112,0,0.076725,0,0.0001405,0.024148,0.0087588,0.016417,0,0.0002743,0,0.0136521,0,0.81030862878053389,0.17366494359367285,-0.012445240150342818,1.04,0,0.0250102144413,0.343248406186,0.619626523409,0.895401126513,0.538624827915,0.29653024257,0.709809094334,0.909068798671,0.645558078706
102,S,Power,OTHER POWER,O/S I,IBM I / SYSTEM I / I5/OS,,2482.0,0.355891718392,0.20457755557,0.0818702290076,0.28895799608,0.639308855292,0.0,0.0818702290076,0.0,0.28895799608,0.0,0.639308855292,0.00566213660394,,4.794678,0.01734,-0.214615,-0.571195,0,0,0,0.01719,0,0.0,0.0016661,0.0,0.0,0,0,0,0.0093678,0,0.85131694934173663,0.15828680744722276,-0.067425979442265804,1.04,0,0.0250036384476,0.355891718392,0.496402478971,0.880676050885,0.411073873399,0.292807186048,0.610841825946,0.909881999303,0.556221979483
103,S,Power,OTHER POWER,O/S I,IBM I / SYSTEM I / I5/OS,5770a,2461.0,0.35409887881,0.204171985458,0.0818702290076,0.288461538462,0.639308855292,0.0,0.0818702290076,0.0,0.288461538462,0.0,0.639308855292,0.0109312199555,,4.798215,0.017826,-0.215065,-0.587725,0,0,0,0.017021,0,0.0,0.0013779,0.0,0.0,0,0,0,0.0106281,0,0.39530432285184236,0.1588008553487151,-0.065637340348372375,1.04,0,0.0250036325747,0.35409887881,0.49801250208,0.880073690192,0.412150549204,0.292191291435,0.610833753098,0.909675954799,0.556075914906
104,S,Power,OTHER POWER,O/S I,PERFORMANCE TOOL / JOB SCHEDULER / RUNTIME,,119.0,0.215916733723,0.128060660718,0.0893242633877,0.181699346405,0.578366013072,-1084.99783835,27.2616207218,-269.064193039,6.90518052243,2403.40592439,-59.6529020353,0.283034278973,,5.016731,0.051459,-0.153749,14.651626,0,0.029928,0,0,0,1e-06,0.2491311,0.0018127,0.2284567,0,0.1490755,0,0,0,0.85072686005725295,0.096990354682433791,-0.039743958262040829,1.04,0,0.0250089306606,0.215916733723,0.706236729875,0.854074130194,0.589920997555,0.207703373373,0.738373477068,0.873825189738,0.643922483728
105,S,Power,OTHER POWER,O/S I,RATIONAL APPLICATION,,255.0,0.394246060336,0.191503394779,0.10987394958,0.32619047619,0.640476190476,0.0,0.10987394958,0.0,0.32619047619,0.0,0.640476190476,0.0598315700173,,0,0.121394,-0.024404,0.835609,0,0.032247,0,0.062206,0,0,2.22e-05,0.1426238,2e-07,0,0.2362696,0,0.005818,0,0.84723985532153867,0.17130604022049625,-0.023925748282586701,1.04,0,0.0568397516781,0.394246060336,0.507305595749,0.814875278488,0.398673573038,0.327059249864,0.648605088742,0.812692649087,0.540347424526
106,S,Power,OTHER POWER,O/S I,RATIONAL APPLICATION,5662a,93.0,0.382786436923,0.184047834015,0.10987394958,0.32619047619,0.640243902439,0.0,0.10987394958,0.0,0.32619047619,0.0,0.640243902439,0.106549045494,,3.125538,-0.077641,-0.113616,1.477393,0,0.058751,0,0.141267,0,0.0,0.0713823,0.0001758,0.0504106,0,0.0799867,0,1.3e-06,0,0.655086815473509,0.10867588093819781,-0.05659596073262918,1.04,0,0.0953516521875,0.382786436923,0.51502133354,0.687121145277,0.32643759301,0.34957320096,0.567691733715,0.717632874231,0.413934517995
107,S,Power,OTHER POWER,O/S I,RATIONAL APPLICATION,5733a,135.0,0.407134794514,0.195021203831,0.146518987342,0.324683544304,0.639950678175,-1042.6200294,26.244698472,-3392.83639781,85.2689110221,-726.531505074,18.7794976442,0.223017963659,,-0.100441,0.088158,0,1.075684,0,0,0,0.067052,0,0.4922111,7e-07,0,0.0,0,0,0,0.0130962,0,0.88740908719773515,0.15147649495254553,0.0024120383079246355,1.04,0,0.0250112589371,0.407134794514,0.563754303369,0.915478122991,0.504205227282,0.339932806606,0.742834954586,0.915862293292,0.679967236587
108,S,Power,OTHER POWER,O/S I,SWMA FOR I5/OS,,1458.0,0.40970213786,0.153214147122,0.178813559322,0.386486486486,0.640625,0.0,0.178813559322,0.0,0.386486486486,0.0,0.640625,0.128446741804,,2.944209,0,-0.140503,-0.477351,0,0,0,0.008496,0,0.0,0,0.0,0.0,0,0,0,0.2370957,0,0.25115451815951373,0.13263066923220976,-0.023215651374234203,1.04,0,0.100762929834,0.40970213786,0.502949636369,0.709566717129,0.327033295891,0.351466916077,0.662229769969,0.706813322479,0.470145380061
109,S,Power,OTHER POWER,OTHER,,,634.0,0.777375456583,0.110892252985,0.540331491713,0.819672131148,0.887765957447,0.0,0.540331491713,0.0,0.819672131148,0.0,0.825531914894,0.104960584167,,0.747116,-0.018386,0.018398,0.137667,0,-0.021427,0,0.023326,0.175552,0.0,0.0241996,0.0058188,0.1279094,0,0.0059707,0,0.0026246,0.0,0.9869318354153126,0.08976612358281659,0.014965264839470249,1.04,0,0.594266588329,0.777375456583,0.748518370354,0.218366572724,0.142028090851,0.785617271896,0.788138241771,0.24564142594,0.19994976078
110,S,Power,OTHER POWER,OTHER,RHEL & SLES & RTSS,,581.0,0.778137669578,0.100611946503,0.540331491713,0.819672131148,0.886111111111,2.3948973315,-0.765306990393,3.28193861734,-1.21422352017,1.19122316203,0.0956397167526,0.432012616403,,0.282511,-0.018212,0.020214,0.54968,0,-0.016023,0,0.032287,0.603526,0.0948029,0.0097491,0.0007215,0.0,0,0.0201028,0,1.4e-06,0.0002129,0.99106577149692754,0.074162649999012953,0.012502128418302894,1.04,0,0.610709087696,0.778137669578,0.746822909581,0.199606082177,0.135631592917,0.785219493397,0.793854249988,0.218287967944,0.179102344382
111,S,Power,OTHER POWER,OTHER,RHEL & SLES & RTSS,5639a,499.0,0.773047015576,0.105585183537,0.540331491713,0.819366852886,0.886682242991,2.26292611965,-0.694875525079,3.23328170153,-1.18715736236,1.05908091707,0.179478078204,0.405273416402,,3.352171,-0.031535,0.010167,0.455823,0,-0.019558,0,0.022994,-2.318191,2.6e-06,0.0001813,0.1448588,4e-07,0,0.0121764,0,0.0025051,0.0005773,0.98992937045234675,0.078297477125176942,0.011689120176353485,1.04,0,0.609873707318,0.773047015576,0.690306342857,0.193634681145,0.115011547624,0.7740156703,0.774057973716,0.208526944314,0.166090308827
112,S,Power,OTHER POWER,OTHER,RHEL & SLES & RTSS,5771a,82.0,0.809116161616,0.0525837705196,0.816666666667,0.82,0.822777777777,15.718433115,-8.90985748657,0.483237293081,0.520202907711,-0.0691717860826,0.863815646055,0.388820549106,,-0.014816,0.028173,-0.003801,-0.808446,0,0.001244,0,-0.001464,0.94059,0.0,0.0,0.0,0.0,0,0.0,0,0.0,0.0,0.99997974937575784,0.00023808681667493957,0.01744958101259253,1.04,0,0.615792682927,0.809116161616,0.962105860702,0.235944242119,0.230568941162,0.84800815416,0.925271811913,0.273362977565,0.25416043006
113,S,Power,OTHER POWER,POWERHA,,,1196.0,0.284619717285,0.15283284971,0.091959798995,0.261809045226,0.637142857143,0.0,0.091959798995,0.0,0.261809045226,0.0,0.637142857143,0.0218681207918,,0.76798,-0.030435,0.022001,1.326173,0,0.065975,0,0,0,0.0,0.0001288,0.0001968,0.0,0,0.0,0,0,0,0.81053969523542668,0.14061743872751967,-0.013280632939699333,1.04,0,0.0533612440808,0.284619717285,0.546656843697,0.746171820054,0.379668141125,0.250176857635,0.593079788081,0.779854215854,0.477614702751
114,S,Power,OTHER POWER,POWERHA,BRMS (BACKUP REVOVERY),,210.0,0.343266349403,0.201549144577,0.0841346153846,0.268617021277,0.639423076923,1405.00515687,-34.9740604365,2444.66931108,-60.7976647352,1431.38104391,-35.1632488169,0.278574339144,,0.822918,0.181858,-0.122158,0.465932,0,0.067459,0,0.047877,0,7e-07,2.87e-05,1.82e-05,0.0625742,0,0.0107441,0,0.0400707,0,0.83323303040258501,0.16255727432817815,-0.04089367278092676,1.04,0,0.0249931707061,0.343266349403,0.595662514091,0.890956153171,0.512389844649,0.279804997379,0.719017923708,0.901944260782,0.648589513014
115,S,Power,OTHER POWER,POWERHA,PWRHA ENTERPRISE ED,,92.0,0.243827615218,0.15677293102,0.0918781725888,0.198076923077,0.575163398693,0.0,0.0918781725888,0.0,0.198076923077,0.0,0.575163398693,0.133586736084,,0,0,0.032388,-9.744293,0,0.223635,0,0,0,0,0,0.0,6.1e-06,0,0.0,0,0,0,0.83118910496080189,0.11910130876866791,-0.049346009866702095,1.04,0,0.08614210007,0.243827615218,0.660495606452,0.542892685919,0.311940377064,0.284237892199,0.536294284376,0.700061035099,0.379694489059
116,S,Power,OTHER POWER,POWERHA,PWRHA ENTERPRISE ED,5662a,86.0,0.222846748124,0.139795543304,0.0918781725888,0.194230769231,0.575163398693,0.0,0.0918781725888,0.0,0.194230769231,0.0,0.575163398693,0.128486077879,,0,-0.054829,0.048425,0,0,0.157791,0,0.087045,0,0,0.0022285,1.08e-05,0,0,0.0,0,0.0015579,0,0.81912389968746646,0.11188053116147212,-0.028615978892588434,1.04,0,0.0851752698424,0.222846748124,0.618480674163,0.523813343171,0.281275567605,0.257208589915,0.50000396067,0.667850245852,0.342814477787
117,S,Power,OTHER POWER,POWERHA,PWRHA STANDARD ED,,472.0,0.258832771039,0.134173491104,0.091959798995,0.245732273296,0.558685265958,0.0,0.091959798995,0.0,0.245732273296,0.0,0.558685265958,0.0688877345469,,2.631175,-0.008391,-0.067964,0,0,0.084525,0,-0.024681,0,0.0,0.4660072,0.0,0,0,0.0,0,0.030505,0,0.82247207314826687,0.12283862832240584,-0.012415587202287665,1.04,0,0.0849451226903,0.258832771039,0.553428598985,0.591426548161,0.28179601179,0.253896763168,0.533375747311,0.669555297554,0.366322955161
118,S,Power,OTHER POWER,POWERHA,PWRHA STANDARD ED,5662a,433.0,0.253760621122,0.126687123948,0.091959798995,0.246478873239,0.517880794702,0.0,0.091959798995,0.0,0.246478873239,0.0,0.517880794702,0.12497703745,,2.360743,0,-0.060995,0,0,0.065953,0,-0.027729,0,0.0,0,0.0,0,0,1e-07,0,0.0160563,0,0.12103793935820506,0.11891033879889849,-0.0072817478831440907,1.04,0,0.0851487676112,0.253760621122,0.551352928674,0.588206041829,0.278634785945,0.249079784886,0.528067961548,0.662978034897,0.359665614012
119,S,Power,OTHER POWER,POWERHA,PWRHA SYSTEMMIRROR,,422.0,0.293170710824,0.132662839008,0.111390284757,0.313553113553,0.633543766578,0.0,0.111390284757,0.0,0.313553113553,0.0,0.633543766578,0.0815468151412,,1.426295,-0.066246,0.019494,0.873496,0,0.034812,0,-0.017753,0,0.0,9.76e-05,0.1363601,1.74e-05,0,0.0063066,0,0.1571593,0,0.84472926418164107,0.12679925449278084,0.0073555079510203569,1.04,0,0.0250054761993,0.293170710824,0.570209850102,0.891519542138,0.495103607393,0.260146674646,0.648902251459,0.900209890592,0.583563840157
120,S,Power,OTHER POWER,POWERHA,PWRHA SYSTEMMIRROR,5765a,351.0,0.298843488349,0.130316133425,0.101638347247,0.313553113553,0.636873815839,0.0,0.101638347247,0.0,0.313553113553,0.0,0.636873815839,0.0976089719184,,1.713376,-0.056878,0,0.698417,0,0.018097,0,-0.045298,0,0.0,2.52e-05,0,4e-07,0,0.178496,0,0.0005977,0,0.13222296098788311,0.12156870741563001,0.014709625204028021,1.04,0,0.0250045364851,0.298843488349,0.570087275923,0.89387380042,0.496730701378,0.274206263957,0.635032474377,0.906980698053,0.576031118276
121,S,Power,OTHER POWER,POWERHA,PWRHA SYSTEMMIRROR,5770a,71.0,0.265126416299,0.140373645478,0.116461538462,0.23612565445,0.575384615385,0.0,0.116461538462,0.0,0.23612565445,0.0,0.575384615385,0.134846709914,,3.021554,0,-0.10231,1.452762,0,0.089513,0,0.125402,0,0.0002889,0,0.0016573,0.2962239,0,0.0008387,0,9e-07,0,0.568623151164665,0.092852617252391551,-0.029000761849065054,1.04,0,0.0250101218282,0.265126416299,0.616202457029,0.879880885001,0.52951198054,0.240559423065,0.689200129307,0.888780051318,0.612018254604
122,S,Power,OTHER POWER,POWERSC,,,265.0,0.231614687985,0.072269877716,0.171052631579,0.218852459016,0.321136780345,0.0,0.171052631579,0.0,0.218852459016,0.0,0.321136780345,0.00940356146886,,2.249336,0.027649,-0.062802,0,0,0.053216,0,-0.019502,0,0.0,0.0756923,0.0,0,0,9.83e-05,0,0.0436034,0,0.92794510598690705,0.065128711326843322,-0.011600662745484519,1.04,0,0.0492867420118,0.231614687985,0.630989379433,0.777389182559,0.479325086228,0.203390857547,0.87767174159,0.76346892949,0.678548090977
123,S,Power,OTHER POWER,POWERSC,POWERSC STD ED,,265.0,0.231614687985,0.072269877716,0.171052631579,0.218852459016,0.321136780345,0.0,0.171052631579,0.0,0.218852459016,0.0,0.321136780345,0.00940356146886,,2.249336,0.027649,-0.062802,0,0,0.053216,0,-0.019502,0,0.0,0.0756923,0.0,0,0,9.83e-05,0,0.0436034,0,0.92794510598690705,0.065128711326843322,-0.011600662745484519,1.04,0,0.0492867420118,0.231614687985,0.630989379433,0.777389182559,0.479325086228,0.203390857547,0.87767174159,0.76346892949,0.678548090977
124,S,Power,OTHER POWER,POWERSC,POWERSC STD ED,5662a,131.0,0.238233735982,0.074320051464,0.171052631579,0.229249011858,0.355555555556,0.0,0.171052631579,0.0,0.229249011858,0.0,0.355555555556,0.12867397159,,4.977692,-0.217284,-0.051966,-29.831759,0,0.073758,0,-0.00873,0,0.0,1e-07,0.0114344,0.0001244,0,6.9e-06,0,0.4346311,0,0.54735675777443649,0.050193559370676342,-0.0089847241242902443,1.04,0,0.0741902184359,0.238233735982,0.642414548584,0.668567165147,0.419473739386,0.212982442365,0.784272499764,0.651741069661,0.52187724013
125,S,Power,OTHER POWER,POWERSC,POWERSC STD ED,5765a,134.0,0.22514382763,0.0696019096228,0.171052631579,0.214802631579,0.280632411067,-133.859770751,3.52760390806,-257.448120781,6.63172715971,995.029365832,-24.5026418009,0.187617271741,,2.67917,0,-0.060044,0,0,0.069412,0,-0.06576,0,0.0,0,0.0,0,0,8.19e-05,0,1.6e-06,0,0.93299201473861126,0.061001907954082217,-0.014158035576653877,1.04,0,0.0249408061047,0.22514382763,0.744918927959,0.883774886147,0.655412936762,0.19969146768,0.913884380576,0.873868470599,0.798638374763
126,S,Power,OTHER POWER,POWERVC,,,322.0,0.302238417543,0.1852579015,0.0852791878173,0.25113610621,0.639593908629,0.0,0.0852791878173,0.0,0.25113610621,0.0,0.639593908629,0.128025794378,,0.804906,0,0.006783,1.136814,0,0.057867,0,-0.020678,0,0.0,0,0.0976716,0.0008467,0,0.0037441,0,0.2726839,0,0.79093534020246081,0.16208902764990493,-0.023104765216816647,1.04,0,0.070223657762,0.302238417543,0.625449662656,0.638521435773,0.348425971378,0.297198594879,0.653649676696,0.711592490787,0.49139120595
127,S,Power,OTHER POWER,POWERVC,CLOUD POWER VC,,112.0,0.216838637687,0.170175609619,0.0788043478261,0.290356670727,0.639593908629,0.403317880559,0.0572032613544,-5.36758738695,0.68317819286,-7.26102350598,1.02499044023,0.445015945351,,0.134092,0,0.022091,10.796434,0,0.021177,0,0,0,0.2149021,0,0.0,0.0,0,0.467676,0,0,0,0.83280976172165255,0.11270715353593795,-0.0020977912224671436,1.04,0,0.0872714895212,0.216838637687,0.613592315871,0.360926565813,0.122612447877,0.210827281556,0.519201850299,0.501304346998,0.268965045258
128,S,Power,OTHER POWER,POWERVC,POWERVC STD ED,,210.0,0.3477849668,0.176678816927,0.170322580645,0.275,0.616064206269,0.0,0.170322580645,0.0,0.275,0.0,0.616064206269,0.0816102563247,,2.198948,-0.055667,-0.033334,0.80041,0,0.053201,0,-0.067891,0,0.0,0.0272704,0.0324026,0.0705594,0,0.0615656,0,0.0062459,0,0.82136141420571507,0.16487387796901018,-0.034308484680469764,1.04,0,0.0611314808237,0.3477849668,0.647096110504,0.786572033085,0.480479113476,0.340413888917,0.722764583733,0.829812349695,0.607377297227
129,S,Power,OTHER POWER,POWERVC,POWERVC STD ED,5662a,104.0,0.370812548789,0.215612565272,0.192556634304,0.499914087682,1.0,0.0,0.192556634304,0.0,0.307185628743,0.0,1.0,0.0208394225989,,5.0034,-0.124476,-0.13436,-3.821898,0,0.056513,0,-0.161022,0,0.0,0.0289368,3.6e-06,0.0873374,0,0.2420396,0,0.0001812,0,0.28746274266801641,0.18288408460098363,-0.063626920046059243,1.04,0,0.0979375825333,0.370812548789,0.707794940463,0.661823291612,0.435403561535,0.417262578155,0.605941713526,0.762611360604,0.461436888462
130,S,Power,OTHER POWER,POWERVC,POWERVC STD ED,5765a,106.0,0.32519186749,0.123286230709,0.170322580645,0.261651917404,0.608695652174,-944.302743952,23.837232858,-778.984197819,19.8097038518,191.162786205,-4.31273582165,0.16731315876,,1.152111,-0.048618,0.013786,1.384257,0,0.023795,0,0,0,2.3e-06,0.0283333,0.3594318,4.41e-05,0,0.346556,0,0,0,0.90972253096942579,0.10449397950408208,-0.0055432273406462729,1.04,0,0.0250198338634,0.32519186749,0.580763681971,0.90896702472,0.517595065535,0.267068887434,0.844909530177,0.902879549803,0.7629740066
131,S,Power,OTHER POWER,POWERVM,,,3952.0,0.279188183177,0.146953771929,0.096,0.254807692308,0.638451933423,0.0,0.096,0.0,0.254807692308,0.0,0.638451933423,0.0115327047768,,1.439033,0.017838,-0.030766,1.352035,0,0.028648,0,-0.011781,0,0.0,0.001044,0.0,0.0,0,0.0,0,0.0064312,0,0.82227153081110271,0.13300883433413938,-0.031456320370533725,1.04,0,0.0647632873575,0.279188183177,0.544895681774,0.683102768703,0.332260003109,0.247302613042,0.603131135455,0.741826429794,0.463423455737
132,S,Power,OTHER POWER,POWERVM,POWERVM EP ED,,2301.0,0.260456875564,0.139032942273,0.0955835962145,0.240963855422,0.577540106952,0.0,0.0955835962145,0.0,0.240963855422,0.0,0.577540106952,0.0225188042472,,1.550478,0.022324,-0.035183,0.56653,0,0.009013,0,-0.027396,0,0.0,0.0043299,0.0,0.0003129,0,0.1048712,0,9e-07,0,0.80378566405039387,0.13078073277339464,-0.022854125159028682,1.04,0,0.0648908455883,0.260456875564,0.530971906287,0.6675107007,0.315406289272,0.237163612503,0.558420454249,0.733764295191,0.429202438771
133,S,Power,OTHER POWER,POWERVM,POWERVM EP ED,5765a,743.0,0.269614089951,0.12492309012,0.127510040161,0.248995983936,0.557723577236,0.0,0.127510040161,0.0,0.248995983936,0.0,0.557723577236,0.035182851393,,3.580241,-0.040095,-0.083943,0,0,-0.018973,0,-0.025137,0,0.0,0.0011867,0.0,0,0,0.0230923,0,0.0021716,0,0.24456182456401609,0.10865122735462193,-0.020618106014880733,1.04,0,0.0250185608042,0.269614089951,0.57944335452,0.885740545698,0.500426170347,0.226735658752,0.716278786174,0.885843589055,0.633727054762
134,S,Power,OTHER POWER,POWERVM,POWERVM EP ED,5771a,178.0,0.354477710337,0.192360178277,0.112019230769,0.341295546559,0.639423076923,0.0,0.112019230769,0.0,0.341295546559,0.0,0.639423076923,0.0599480362377,,2.305556,-0.035454,-0.061618,0.904093,0,-0.055627,0,-0.02812,0,0.0,0.3763391,0.0575351,0.0873409,0,0.0780285,0,0.3582767,0,0.23545636856746388,0.1686707112986251,-0.013182163777688716,1.04,0,0.0811156054521,0.354477710337,0.54113343889,0.66094368867,0.299329291113,0.324073434093,0.569169132669,0.730753736411,0.425312784443
135,S,Power,OTHER POWER,POWERVM,POWERVM EP ED,5773a,1380.0,0.243399253189,0.132588037738,0.0834445927904,0.218093699515,0.574491369509,0.0,0.0834445927904,0.0,0.218093699515,0.0,0.574491369509,0.117155886558,,3.291422,-0.013654,-0.073292,-0.266544,0,0,0,-0.03727,0,0.0,0.138816,0.0,0.2674533,0,0,0,0.0,0,0.17896507498418079,0.12018286950052819,-0.025305553673507203,1.04,0,0.0842655559788,0.243399253189,0.5559517994,0.55086153643,0.254744623431,0.253869715517,0.486819092549,0.672269053459,0.336969514096
136,S,Power,OTHER POWER,POWERVM,POWERVM LINUX ED,,319.0,0.226484388175,0.182262183579,0.0458928571429,0.175303197354,0.639566395664,0.0,0.0458928571429,0.0,0.175303197354,0.0,0.639566395664,0.0610247429663,,2.012122,0.074154,-0.078499,2.01323,0,0,0,0.016767,0,0.0,0.0003524,5.8e-06,0.0,0,0,0,0.3649908,0,0.73574627725174868,0.14944336469998881,-0.050159190097434581,1.04,0,0.0710795091007,0.226484388175,0.66075097824,0.434293309269,0.193330203618,0.280212490924,0.51837865463,0.74704519432,0.398226130411
137,S,Power,OTHER POWER,POWERVM,POWERVM LINUX ED,5765a,95.0,0.242976638344,0.200467395116,0.0359078590786,0.154545454545,0.639566395664,-896.746086295,22.5193606838,-1159.57412951,29.2059771113,4919.94391283,-122.641185378,0.491826984183,,0.636653,0.149527,-0.0867,1.766017,0,0,0,0,0,0.1486355,5.31e-05,0.0028033,0.0002461,0,0,0,0,0,0.77143771727700172,0.15059565768284119,-0.064241670139844331,1.04,0,0.0250261324709,0.242976638344,0.502787161822,0.798167715682,0.356631161469,0.212264983213,0.618280505458,0.851842617257,0.526985218235
138,S,Power,OTHER POWER,POWERVM,POWERVM LINUX ED,5773a,224.0,0.219489907076,0.173494052351,0.0660649819495,0.175303197354,0.638989169675,0.0,0.0660649819495,0.0,0.175303197354,0.0,0.638989169675,0.117507313048,,5.568759,-0.026408,-0.116309,1.303216,0,0,0,0,0,0.0,0.2532289,0.0,0.0133703,0,0,0,0,0,0.43210931395584462,0.13103537070484367,-0.044186709722304596,1.04,0,0.0906110750821,0.219489907076,0.664137000566,0.279971574406,0.0804346852108,0.295385952942,0.447672230495,0.686986955571,0.314485506841
139,S,Power,OTHER POWER,POWERVM,POWERVM STD ED,,1302.0,0.324850167951,0.140856213567,0.165876068376,0.289457831325,0.639423076923,0.0,0.165876068376,0.0,0.289457831325,0.0,0.639423076923,0.00336371028773,,2.350153,-0.071182,-0.032945,1.716364,0,0.047608,0,0,0,0.0,0.0,1.9e-06,0.0,0,0.0,0,0,0,0.8854854693530374,0.11981848624909086,-0.041885172427691908,1.04,0,0.0621784274463,0.324850167951,0.567736127075,0.772203597823,0.416480203535,0.272007324133,0.701361225544,0.770656450382,0.548537994653
140,S,Power,OTHER POWER,POWERVM,POWERVM STD ED,5765a,619.0,0.333551703909,0.14326889223,0.163253012048,0.298309178744,0.640096618357,0.0,0.163253012048,0.0,0.298309178744,0.0,0.640096618357,0.036002820169,,2.588014,-0.054781,-0.059806,1.265811,0,0.041798,0,0.007729,0,0.0,0.0049883,1e-07,8e-07,0,0.0001689,0,0.4440219,0,0.30346481035376294,0.1196670323533597,-0.035242525164665861,1.04,0,0.0250273223506,0.333551703909,0.580630733126,0.905427757858,0.515065367296,0.269882444585,0.744126399643,0.90416120645,0.672263210142
141,S,Power,OTHER POWER,POWERVM,POWERVM STD ED,5773a,623.0,0.303963361383,0.127618834351,0.165598290598,0.267094017094,0.605769230769,0.0,0.165598290598,0.0,0.267094017094,0.0,0.605769230769,0.0351890007173,,2.345748,-0.080878,-0.021875,2.051977,0,0.03122,0,0,0,0.0,2.31e-05,0.0309404,0.0,0,0.0026153,0,0,0,0.20026316094609198,0.11421868489324186,-0.036869344288528783,1.04,0,0.0958096308186,0.303963361383,0.597360166778,0.642741149389,0.354871124362,0.273680378805,0.658144784841,0.648604993137,0.431635219641
142,S,Power,OTHER POWER,SYSTEMS DIRECTOR,,,561.0,0.25032472917,0.127929549897,0.109128630705,0.248962655602,0.607192254495,0.0,0.109128630705,0.0,0.248962655602,0.0,0.607192254495,0.00162431327305,,1.736063,0.097795,-0.073575,0.674041,0,0,0,-0.01744,0,0.0,0.0,0.0,1e-07,0,0,0,0.0466372,0,0.86908150222915725,0.10171668799159277,-0.030422934767062759,1.04,0,0.100886769362,0.25032472917,0.596006728243,0.497462157597,0.24112834069,0.275157916991,0.562201593361,0.623235442929,0.348366881103
143,S,Power,OTHER POWER,SYSTEMS DIRECTOR,HMC (HW MGT CONSOLE),,477.0,0.247228942533,0.138058010311,0.107690179806,0.211618257261,0.639004149378,0.0,0.107690179806,0.0,0.211618257261,0.0,0.639004149378,0.0165562817568,,1.910337,0.105391,-0.083375,0.57376,0,-0.007248,0,-0.017522,0,0.0006937,0.0058054,0.0,2.09e-05,0,0.4818796,0,0.0900483,0,0.38799991621316066,0.10811677034635477,-0.035610685272407266,1.04,0,0.101042930004,0.247228942533,0.645456422389,0.475465704001,0.250534193068,0.287921122643,0.507738240284,0.641374662389,0.32811092773
144,S,Power,OTHER POWER,SYSTEMS DIRECTOR,HMC (HW MGT CONSOLE),5773a,467.0,0.248324963227,0.139093290882,0.10755186722,0.211618257261,0.639004149378,0.0,0.10755186722,0.0,0.211618257261,0.0,0.639004149378,0.0161602923068,,1.956343,0.102326,-0.083286,0.576853,0,-0.008778,0,-0.018718,0,0.0014182,0.0153796,0.0,2.37e-05,0,0.403209,0,0.0752158,0,0.38678976803234599,0.10903761933847071,-0.036706705966499303,1.04,0,0.101002141328,0.248324963227,0.640497818996,0.47597949458,0.247427591665,0.286919777738,0.506588549583,0.63997419452,0.326737001235
145,S,Power,OTHER POWER,SYSTEMS DIRECTOR,PLTFRM CLSTR MGR STD 3YR REG,,84.0,0.267904374714,0.0265363710477,0.201232032854,0.266940451745,0.316221765913,0.0,0.201232032854,0.0,0.266940451745,0.0,0.299794661191,9.65204012865e-29,,-12.811137,1.47552,-0.040394,-276.657914,0,-0.033106,0,0.02687,0,0.0,0.0,0.0,0.0,0,0.0,0,0.0,0,1.0,4.184379959299954e-14,-0.00096392296885677853,1.04,0,0.1,0.267904374714,0.644359853387,0.622370590518,0.396138891814,0.243676990407,0.834494239629,0.5877545875,0.489540785518
146,S,Power,POWER SW_OSAIX,,,,343.0,0.789860597117,0.0852509222749,0.539094650206,0.821548821549,0.885774410775,3.16920429143,-1.20094150334,2.43866819791,-0.689284113015,0.469061214534,0.531331456099,0.578856536925,,1.01813,0,-0.004523,0.615691,0,-0.037608,0,0.016082,0,0.0,0,0.3848494,2e-07,0,2e-07,0,0.016024,0,0.99437225283449482,0.059598141383505228,0.0075807603320408035,1.04,0,0.610682529866,0.789860597117,0.763278364983,0.215972299108,0.157154020109,0.796453709208,0.861180176106,0.23148030065,0.201518616959
147,S,Power,POWERHA,,,,270.0,0.320673463435,0.167242090066,0.141176470588,0.259150326797,0.639869281046,0.0,0.141176470588,0.0,0.259150326797,0.0,0.639869281046,0.0837524635381,,0,0.347473,-0.14672,0,0,-0.055654,0,-0.026613,0,0,0.0,0.0,0,0,0.0001465,0,0.0679564,0,0.90612630574797026,0.11080978926084281,-0.063440347965831922,1.04,0,0.103466666667,0.320673463435,0.600698038561,0.597862369035,0.316184328155,0.31736881719,0.584836000265,0.666104548017,0.390887404796
148,S,Power,POWERHA,POWERHA,,,270.0,0.320673463435,0.167242090066,0.141176470588,0.259150326797,0.639869281046,0.0,0.141176470588,0.0,0.259150326797,0.0,0.639869281046,0.0837524635381,,0,0.347473,-0.14672,0,0,-0.055654,0,-0.026613,0,0,0.0,0.0,0,0,0.0001465,0,0.0679564,0,0.90612630574797026,0.11080978926084281,-0.063440347965831922,1.04,0,0.103466666667,0.320673463435,0.600698038561,0.597862369035,0.316184328155,0.31736881719,0.584836000265,0.666104548017,0.390887404796
149,S,Power,POWERHA,POWERHA,HMC VRTL SW,,270.0,0.320673463435,0.167242090066,0.141176470588,0.259150326797,0.639869281046,0.0,0.141176470588,0.0,0.259150326797,0.0,0.639869281046,0.0837524635381,,0,0.347473,-0.14672,0,0,-0.055654,0,-0.026613,0,0,0.0,0.0,0,0,0.0001465,0,0.0679564,0,0.90612630574797026,0.11080978926084281,-0.063440347965831922,1.04,0,0.103466666667,0.320673463435,0.600698038561,0.597862369035,0.316184328155,0.31736881719,0.584836000265,0.666104548017,0.390887404796
150,S,Power,POWERHA,POWERHA,HMC VRTL SW,5662a,264.0,0.32146375162,0.169048784736,0.141176470588,0.257189542484,0.639869281046,0.0,0.141176470588,0.0,0.257189542484,0.0,0.639869281046,0.0746546792729,,-5.427276,0.777842,-0.143379,0,0,-0.05114,0,-0.026112,0,0.0446287,0.0002943,0.0,0,0,0.0008969,0,0.0793447,0,0.57179896094909255,0.11083068070921701,-0.064274209135680271,1.04,0,0.103545454545,0.32146375162,0.601320818596,0.596672234001,0.314475989355,0.317422455805,0.585967332411,0.665888084916,0.391355155277
151,S,Storage,,,,,9921.0,0.220445669215,0.0716600878975,0.110035842294,0.214485981308,0.346504559271,0.0,0.110035842294,0.0,0.214485981308,0.0,0.346504559271,0.0036549028568,,1.032972,-0.004979,0.005281,0,0,-0.01387,0,-0.016158,0,0.0,1e-06,0.0,0,0,0.0,0,0.0,0,0.92111464948154642,0.065104724531959576,-0.0033020016299311061,1.04,0,0.0213700240084,0.220445669215,0.577452096866,0.88398322068,0.498165910557,0.184004138388,0.814887771085,0.887764195069,0.728223339616
152,S,Storage,FLASH,,,,83.0,0.185409190134,0.0557730543436,0.0851063829787,0.194520547945,0.297499271349,7.71703932792,-0.0073428163215,-1.2043445151,0.198224942557,-12.5704990864,0.466784466875,0.356132974223,,-4.503037,0.033747,0.129153,0,0,0.043774,0,0.168974,0,0.0,0.0066596,0.0,0,0,0.0,0,0.0,0,0.98531232033157135,0.023464867472270199,-0.0041456612840614915,1.04,0,0.0178723881542,0.185409190134,0.449686022674,0.89195644048,0.402196078117,0.159389184861,0.859902209229,0.881864870217,0.754564965727
153,S,Storage,OTHER STORAGE,,,,603.0,0.158082100868,0.0642899040987,0.0542753623188,0.15,0.301282051282,-0.0339356863572,0.10053852073,0.175984561433,0.14819680087,0.537887367817,0.200045347676,0.155551950645,,0.85127,0.011316,-0.005744,0,0,0.011091,0,0.009591,0,0.0,0.0036793,0.0557919,0,0,0.0349826,0,0.0464206,0,0.88813511354183627,0.057077640246170853,-0.0037794600872761708,1.04,0,0.0535279141928,0.158082100868,0.654940575495,0.61084120311,0.388345654229,0.16482137558,0.790377883679,0.77054776171,0.67166500466
154,S,Storage,OTHER STORAGE,GPFS,,,299.0,0.155949952452,0.0255978543285,0.149612403101,0.163532003219,0.190983606557,0.0,0.149612403101,0.0,0.15,0.0,0.190983606557,0.139904836792,,1.362607,0.010056,-0.016454,0.320242,0,0.009242,0,0,0,2e-07,0.2283882,0.0009408,0.0286548,0,0.0040315,0,0,0,0.98000011107705609,0.022349719955707753,-0.00479331721995499,1.04,0,0.0194214200799,0.155949952452,0.812774259039,0.873545430257,0.708809314811,0.150466309559,0.979361696068,0.870547409419,0.852470882214
155,S,Storage,OTHER STORAGE,GPFS,GPFS NATIVE RAID FOR GSS,,164.0,0.153096646822,0.0105828857264,0.15,0.163541638878,0.190522875817,-0.0195516903175,0.150372721308,-0.014093053997,0.150431917114,-1.47203793419,0.192232022437,0.200520576099,,1.792105,-0.033667,0.004555,0.584941,0,0.004243,0,-0.003828,0,0.0,0.0,0.0026373,0.0,0,3.91e-05,0,1.9e-06,0,0.99923233803894451,0.0042519272093472426,-0.0024056786515972428,1.04,0,0.0194019739043,0.153096646822,0.934074953787,0.872309601428,0.813248815705,0.152713116971,0.989219998191,0.872577626472,0.862890267644
156,S,Storage,OTHER STORAGE,NETWORK ADVISOR SW,,,80.0,0.19252655287,0.106343486914,0.0637323943662,0.15701754386,0.411413043478,-0.404628133304,0.198828992151,-1.7017643576,0.654444941348,-2.94152932446,1.10458090806,0.151719785857,,0.527535,0,0.015552,0.10713,0,-0.074536,0,0,0,0.0028676,0,0.0120973,0.3446975,0,0.0453747,0,0,0,0.74626945275746026,0.11078952769814687,0.0075392473790241998,1.04,0,0.28325477094,0.19252655287,0.53781844761,-1.01632938597,-0.767941127439,0.349612155936,0.118252412678,0.196230969283,0.0226841381359
157,S,Storage,OTHER STORAGE,TPC SW,,,182.0,0.134189179316,0.0699279621664,0.0504511278195,0.116666666667,0.251776649746,0.0,0.0504511278195,0.0,0.116666666667,0.0,0.251776649746,0.0336148619782,,0.983902,0,-0.003051,-0.1074,0,0.014609,0,0.045729,0,0.0,0,0.0328417,0.0928925,0,0.0279856,0,1e-07,0,0.91893576874241001,0.04308247666742903,0.0059381312964041644,1.04,0,0.0173133757286,0.134189179316,0.580340045387,0.826495424467,0.460792080089,0.120894507139,0.782423826827,0.833049142127,0.649968862318
158,S,Storage,OTHER STORAGE,TPC SW,"5608A70~A72,80~87",,105.0,0.0946589009919,0.0386088004793,0.0443759398496,0.0899038461538,0.164964652706,1.34948920707,0.030827347345,8.90605693282,-0.0550011450743,6.83517228514,0.0161967959795,0.519472378462,,0.737243,0.004747,0,-0.090785,0,-0.012816,0,0.020725,0,0.0,0.0037651,0,0.2614505,0,0.0475415,0,0.0010783,0,0.92962334031547722,0.027120153782857814,0.0017835293947069536,1.04,0,0.017004559549,0.0946589009919,0.592088285454,0.795856969542,0.451295989882,0.0819726637262,0.788919581582,0.785996551545,0.618104803655
159,S,Storage,OTHER STORAGE,TPC SW,GENERAL TPC,,74.0,0.193667070084,0.0622374836394,0.0507389162562,0.217479674797,0.34275124231,-12.6136119085,0.310370702829,0.99619107632,0.185690207282,10.7453103085,0.055267885524,0.549447496052,,2.479777,0.047195,-0.105821,-0.39655,0,0.053213,0,0.134518,0,0.0,0.0960962,3.1e-06,0.0099934,0,6.33e-05,0,0.0,0,0.96626075991742177,0.037365017677809788,0.0093966507390369214,1.04,0,0.0174399409455,0.193667070084,0.63708928416,0.882953924457,0.553831122894,0.178298386756,0.768261970031,0.898427795593,0.692106843133
160,S,Storage,PROTECTIER,,,,112.0,0.184606915282,0.0659294291021,0.0631123919308,0.217164179104,0.314008127595,8.75881035462,-0.0433386884987,7.69780739052,0.0458939945984,-2.46454211434,0.294249755013,0.511405379752,,1.319782,-0.070063,0.047116,0.333108,0,-0.025591,0,0.016824,0,0.0,0.0,4.7e-06,1.7e-06,0,0.04365,0,0.1951841,0,0.93423595783073554,0.050270026592426784,-0.0049321553811815244,1.04,0,0.0176786798587,0.184606915282,0.59741150697,0.888057279313,0.517738281312,0.155821703818,0.803861847955,0.884213099024,0.710120994548
161,S,Storage,SAN & SVC,,,,2575.0,0.205213840076,0.0715759078828,0.0803981623277,0.208602150538,0.329750587105,0.0,0.0803981623277,0.0,0.208602150538,0.0,0.322695035461,0.0137310131571,,0.937855,-0.022534,0.020646,0.166219,0,-0.012316,0,-0.013196,0,0.0,0.0,0.0,0.0,0,1.9e-06,0,5e-07,0,0.91103260540434494,0.064826297080712733,-0.00033428850442535074,1.04,0,0.0181983754386,0.205213840076,0.529522408885,0.894532912066,0.460342945188,0.167593639636,0.769753129235,0.890830960639,0.686243906613
162,S,Storage,SAN & SVC,SVC SW,,,2575.0,0.205213840076,0.0715759078828,0.0803981623277,0.208602150538,0.329750587105,0.0,0.0803981623277,0.0,0.208602150538,0.0,0.322695035461,0.0137310131571,,0.937855,-0.022534,0.020646,0.166219,0,-0.012316,0,-0.013196,0,0.0,0.0,0.0,0.0,0,1.9e-06,0,5e-07,0,0.91103260540434494,0.064826297080712733,-0.00033428850442535074,1.04,0,0.0181983754386,0.205213840076,0.529522408885,0.894532912066,0.460342945188,0.167593639636,0.769753129235,0.890830960639,0.686243906613
163,S,Storage,SAN & SVC,SVC SW,SVC RTC,,169.0,0.168749484262,0.0757589499381,0.0451308726659,0.17397260274,0.296404323032,-1.82781072296,0.10838294582,3.05885168375,0.118569382584,10.8302967735,0.0690186459302,0.211461375936,,0.213268,-0.052023,0.055314,0.454043,0,0.031223,0,0.038009,0,0.1386598,0.0004435,5.6e-05,1.1e-06,0,0.0058838,0,0.0008088,0,0.85664887658271216,0.070034808221993691,0.0046550555134432792,1.04,0,0.0179267133098,0.168749484262,0.557768452001,0.856853445234,0.453500712584,0.146691629878,0.740468064839,0.87685043166,0.650020684721
164,S,Storage,SAN & SVC,SVC SW,"SVC V5/6  (5639SSA~H, SS1~9)",,1376.0,0.231490413555,0.0624869015766,0.129301075269,0.228187919463,0.341711469534,0.0,0.129301075269,0.0,0.228187919463,0.0,0.341711469534,0.0126785993102,,1.431548,-0.035237,0.00935,0.353866,0,-0.022391,0,-0.027129,0,0.0,0.0,0.0238058,0.0007372,0,0.0,0,0.0,0,0.10744476258976077,0.059056051946840646,-0.0033024940923411794,1.04,0,0.0182394630598,0.231490413555,0.539116815793,0.913573870914,0.485435584216,0.186505634265,0.791235713395,0.90164431521,0.714053764527
165,S,Storage,SAN & SVC,SVC SW,SVC V7,,998.0,0.17447562838,0.0683605094528,0.0648199445983,0.178861788618,0.28549544048,2.00209182453,0.0548166482487,2.29169993538,0.1365197837,3.82144655361,0.190692221336,0.150560664854,,0.816837,-0.067145,0.061851,0.350354,0,-0.015179,0,-0.003306,0,0.0,0.0,0.0,0.0,0,0.0006111,0,0.4439581,0,0.87367158109488219,0.066603380705726911,0.0034779107737989978,1.04,0,0.0180799217273,0.17447562838,0.532878809708,0.874436799745,0.446150575168,0.145820795402,0.757078000458,0.878992046714,0.664945778833
166,S,Storage,SPECTRUM CONTROL SW,,,,3838.0,0.246317121984,0.0665135270764,0.15,0.245327102804,0.353271028037,0.0,0.15,0.0,0.245327102804,0.0,0.353271028037,0.0676061048141,,1.223822,-0.010513,0,-0.037534,0,-0.024101,0,-0.01413,0,0.0,3e-05,0,0.2238556,0,0.0,0,0.0,0,0.93522291572790472,0.064936433073837632,0.0017132707029434147,1.04,0,0.0203524700921,0.246317121984,0.560956542822,0.906867956934,0.497693305679,0.202991867964,0.809916877056,0.900236931567,0.730436127737
167,S,Storage,SPECTRUM CONTROL SW,IBM SPECTRUM CONTROL SW,,,3838.0,0.246317121984,0.0665135270764,0.15,0.245327102804,0.353271028037,0.0,0.15,0.0,0.245327102804,0.0,0.353271028037,0.0676061048141,,1.223822,-0.010513,0,-0.037534,0,-0.024101,0,-0.01413,0,0.0,3e-05,0,0.2238556,0,0.0,0,0.0,0,0.93522291572790472,0.064936433073837632,0.0017132707029434147,1.04,0,0.0203524700921,0.246317121984,0.560956542822,0.906867956934,0.497693305679,0.202991867964,0.809916877056,0.900236931567,0.730436127737
168,S,Storage,SPECTRUM CONTROL SW,IBM SPECTRUM CONTROL SW,IBM SPECTRUM VIRTUALIZE SOFTWARE FOR SAN,,3755.0,0.247204765331,0.0661907190808,0.15,0.247787610619,0.354198473282,0.0,0.15,0.0,0.247787610619,0.0,0.354198473282,0.0763017951836,,1.097671,-0.00198,0,-0.041794,0,-0.023328,0,-0.013675,0,0.0,0.4682956,0,0.1771525,0,0.0,0,0.0,0,0.93583226570925493,0.06482619240411025,0.00088538050142403235,1.04,0,0.0204469016404,0.247204765331,0.557761748167,0.90671206487,0.494557503149,0.203081616669,0.809251481055,0.899843788298,0.729578870798
169,S,Storage,SPECTRUM CONTROL SW,IBM SPECTRUM CONTROL SW,IBM SPECTRUM VIRTUALIZE SOFTWARE FOR SAN,5639a,3737.0,0.247378198619,0.0662053021707,0.15,0.248091603053,0.354198473282,0.0,0.15,0.0,0.248091603053,0.0,0.354198473282,0.0768141197229,,1.097133,-0.001882,0,-0.044241,0,-0.023689,0,-0.013186,0,0.0,0.4907969,0,0.1531965,0,0.0,0,0.0,0,0.041559453370782373,0.064823649296100821,0.00071340443392231556,1.04,0,0.0204330385768,0.247378198619,0.557101484205,0.906819249117,0.494002427359,0.203078036387,0.809299053883,0.899907066225,0.729680645319
170,S,Storage,STORWIZE V7000,,,,2613.0,0.217357636338,0.0648344197824,0.144343916378,0.197777777778,0.401666666667,0.0,0.144343916378,0.0,0.197777777778,0.0,0.401666666667,0.00934911822794,,2.050568,-0.010937,-0.022693,-0.294001,0,-0.006993,0,-0.028267,0,0.0,0.0006389,0.0,0.0,0,0.0042687,0,0.0,0,0.9335108654323403,0.058486944074043354,-0.016148774839039537,1.04,0,0.0190508607086,0.217357636338,0.655272011419,0.902699163425,0.583493785771,0.183716012234,0.855281501568,0.897271645651,0.768835159759
171,S,Storage,STORWIZE V7000,V7000,,,2613.0,0.217357636338,0.0648344197824,0.144343916378,0.197777777778,0.401666666667,0.0,0.144343916378,0.0,0.197777777778,0.0,0.401666666667,0.00934911822794,,2.050568,-0.010937,-0.022693,-0.294001,0,-0.006993,0,-0.028267,0,0.0,0.0006389,0.0,0.0,0,0.0042687,0,0.0,0,0.9335108654323403,0.058486944074043354,-0.016148774839039537,1.04,0,0.0190508607086,0.217357636338,0.655272011419,0.902699163425,0.583493785771,0.183716012234,0.855281501568,0.897271645651,0.768835159759
172,S,Storage,STORWIZE V7000,V7000,STORWISE V7000 SW,,2119.0,0.219747405639,0.0638628057393,0.154444444444,0.202721088435,0.401666666667,0.0,0.154444444444,0.0,0.202721088435,0.0,0.401666666667,0.00832868456725,,2.418132,-0.01541,-0.033186,-0.365084,0,0.008781,0,-0.030081,0,0.0,0.0002114,0.0,0.0,0,0.0016469,0,0.0,0,0.22472570160418037,0.056244257598971586,-0.017026317203831992,1.04,0,0.0184742951556,0.219747405639,0.658058415317,0.907411112038,0.590706560693,0.186841693602,0.85192407002,0.901306050489,0.76850665939
173,S,Storage,STORWIZE V7000,V7000,STORWIZE V5000,,421.0,0.218514558409,0.0652660648196,0.150181818182,0.255700489468,0.422727272727,0.0,0.150181818182,0.0,0.194192377495,0.0,0.422727272727,0.00806779165215,,0.883803,0.036713,-0.009933,-0.239606,0,-0.052514,0,-0.01961,0,6.3e-06,0.0049659,0.3238198,0.0115724,0,0.0,0,0.0025756,0,0.16564174400125309,0.059687049978079013,-0.024322180913609298,1.04,0,0.0213024189957,0.218514558409,0.658461707856,0.891672265695,0.576215940539,0.186534357536,0.835334360689,0.887912778826,0.744779268734
