{"leading_brand\tcategorical\tCLOUD": {"indirect\tbinary\t0": {"ln_vs\ttree\t0,0\t14,555939674377441": "9", "ln_vs\ttree\t14,555939674377441\t10000,0": "10"}}, "leading_brand\tcategorical\tFLASH": {"indirect\tbinary\t0": {"ln_vs\ttree\t0,0\t10,710714340209961": "8", "ln_vs\ttree\t10,710714340209961\t10000,0": "7"}}, "leading_brand\tcategorical\tFLEX": {"indirect\tbinary\t0": {"ln_vs\ttree\t0,0\t10000,0": "28"}}, "leading_brand\tcategorical\tPOTH": {"indirect\tbinary\t0": {"ln_vs\ttree\t0,0\t10000,0": "24"}}, "leading_brand\tcategorical\tPWR": {"indirect\tbinary\t0": {"ln_vs\ttree\t0,0\t15,453372955322266": "0", "ln_vs\ttree\t15,453372955322266\t10000,0": "1"}}, "leading_brand\tcategorical\tPWRI": {"indirect\tbinary\t0": {"ln_vs\ttree\t0,0\t10,710601806640625": "15", "ln_vs\ttree\t10,710601806640625\t10000,0": "16"}}, "leading_brand\tcategorical\tPWRL": {"indirect\tbinary\t0": {"ln_vs\ttree\t0,0\t9,959741592407227": "25", "ln_vs\ttree\t9,959741592407227\t10000,0": "26"}}, "leading_brand\tcategorical\tPWROTH": {"indirect\tbinary\t0": {"ln_vs\ttree\t0,0\t10000,0": "23"}}, "leading_brand\tcategorical\tPWRVA": {"indirect\tbinary\t0": {"ln_vs\ttree\t0,0\t10000,0": "4"}}, "leading_brand\tcategorical\tRATI": {"indirect\tbinary\t0": {"ln_vs\ttree\t0,0\t10000,0": "27"}}, "leading_brand\tcategorical\tSAN": {"indirect\tbinary\t0": {"ln_vs\ttree\t0,0\t12,601019859313965": "13", "ln_vs\ttree\t12,601019859313965\t10000,0": "14"}}, "leading_brand\tcategorical\tSOTH": {"indirect\tbinary\t0": {"ln_vs\ttree\t0,0\t10,390314102172852": "20", "ln_vs\ttree\t10,390314102172852\t10000,0": "19"}}, "leading_brand\tcategorical\tSPEC": {"indirect\tbinary\t0": {"ln_vs\ttree\t0,0\t12,576400756835938": "22", "ln_vs\ttree\t12,576400756835938\t10000,0": "21"}}, "leading_brand\tcategorical\tSSG": {"indirect\tbinary\t0": {"ln_vs\ttree\t0,0\t13,196722984313965": "17", "ln_vs\ttree\t13,196722984313965\t10000,0": "18"}}, "leading_brand\tcategorical\tSSGOTH": {"indirect\tbinary\t0": {"ln_vs\ttree\t0,0\t10,848708152770996": "12", "ln_vs\ttree\t10,848708152770996\t10000,0": "11"}}, "leading_brand\tcategorical\tSTWZ": {"indirect\tbinary\t0": {"ln_vs\ttree\t0,0\t11,52512264251709": "5", "ln_vs\ttree\t11,52512264251709\t10000,0": "6"}}, "leading_brand\tcategorical\tTAPE": {"indirect\tbinary\t0": {"ln_vs\ttree\t0,0\t12,795637130737305": "2", "ln_vs\ttree\t12,795637130737305\t10000,0": "3"}}}