{"leading_brand\tcategorical\tCLOUD": {"indirect\tbinary\t0": {"ln_vs\ttree\t0,0\t14,557022094726562": "9", "ln_vs\ttree\t14,557022094726562\t10000,0": "10"}}, "leading_brand\tcategorical\tFLASH": {"indirect\tbinary\t0": {"ln_vs\ttree\t0,0\t10,711105346679688": "8", "ln_vs\ttree\t10,711105346679688\t10000,0": "7"}}, "leading_brand\tcategorical\tFLEX": {"indirect\tbinary\t0": {"ln_vs\ttree\t0,0\t10000,0": "28"}}, "leading_brand\tcategorical\tPOTH": {"indirect\tbinary\t0": {"ln_vs\ttree\t0,0\t10000,0": "24"}}, "leading_brand\tcategorical\tPWR": {"indirect\tbinary\t0": {"ln_vs\ttree\t0,0\t15,453754425048828": "0", "ln_vs\ttree\t15,453754425048828\t10000,0": "1"}}, "leading_brand\tcategorical\tPWRI": {"indirect\tbinary\t0": {"ln_vs\ttree\t0,0\t10,710958480834961": "15", "ln_vs\ttree\t10,710958480834961\t10000,0": "16"}}, "leading_brand\tcategorical\tPWRL": {"indirect\tbinary\t0": {"ln_vs\ttree\t0,0\t9,96017074584961": "25", "ln_vs\ttree\t9,96017074584961\t10000,0": "26"}}, "leading_brand\tcategorical\tPWROTH": {"indirect\tbinary\t0": {"ln_vs\ttree\t0,0\t10000,0": "23"}}, "leading_brand\tcategorical\tPWRVA": {"indirect\tbinary\t0": {"ln_vs\ttree\t0,0\t10000,0": "4"}}, "leading_brand\tcategorical\tRATI": {"indirect\tbinary\t0": {"ln_vs\ttree\t0,0\t10000,0": "27"}}, "leading_brand\tcategorical\tSAN": {"indirect\tbinary\t0": {"ln_vs\ttree\t0,0\t12,601840019226074": "13", "ln_vs\ttree\t12,601840019226074\t10000,0": "14"}}, "leading_brand\tcategorical\tSOTH": {"indirect\tbinary\t0": {"ln_vs\ttree\t0,0\t10,390625953674316": "20", "ln_vs\ttree\t10,390625953674316\t10000,0": "19"}}, "leading_brand\tcategorical\tSPEC": {"indirect\tbinary\t0": {"ln_vs\ttree\t0,0\t12,57716178894043": "22", "ln_vs\ttree\t12,57716178894043\t10000,0": "21"}}, "leading_brand\tcategorical\tSSG": {"indirect\tbinary\t0": {"ln_vs\ttree\t0,0\t13,197833061218262": "17", "ln_vs\ttree\t13,197833061218262\t10000,0": "18"}}, "leading_brand\tcategorical\tSSGOTH": {"indirect\tbinary\t0": {"ln_vs\ttree\t0,0\t10,849526405334473": "12", "ln_vs\ttree\t10,849526405334473\t10000,0": "11"}}, "leading_brand\tcategorical\tSTWZ": {"indirect\tbinary\t0": {"ln_vs\ttree\t0,0\t11,52630615234375": "5", "ln_vs\ttree\t11,52630615234375\t10000,0": "6"}}, "leading_brand\tcategorical\tTAPE": {"indirect\tbinary\t0": {"ln_vs\ttree\t0,0\t12,79605484008789": "2", "ln_vs\ttree\t12,79605484008789\t10000,0": "3"}}}