{"leading_brand\tcategorical\tCLOUD": {"indirect\tbinary\t0": {"ln_vs\ttree\t0,0\t10000,0": "51"}, "indirect\tbinary\t1": {"ln_vs\ttree\t0,0\t10000,0": "52"}}, "leading_brand\tcategorical\tFLASH": {"indirect\tbinary\t0": {"ln_vs\ttree\t0,0\t12,3640470505": "39", "ln_vs\ttree\t12,3640470505\t10000,0": "38"}, "indirect\tbinary\t1": {"ln_vs\ttree\t0,0\t11,4008769989": "37", "ln_vs\ttree\t11,4008769989\t10000,0": "36"}}, "leading_brand\tcategorical\tFLEX": {"indirect\tbinary\t0": {"ln_vs\ttree\t0,0\t10000,0": "43"}, "indirect\tbinary\t1": {"ln_vs\ttree\t0,0\t10000,0": "44"}}, "leading_brand\tcategorical\tFLEXSW": {"indirect\tbinary\t1": {"ln_vs\ttree\t0,0\t10000,0": "45"}}, "leading_brand\tcategorical\tPOTH": {"indirect\tbinary\t0": {"ln_vs\ttree\t0,0\t10000,0": "40"}, "indirect\tbinary\t1": {"ln_vs\ttree\t0,0\t6,69424772263": "42", "ln_vs\ttree\t6,69424772263\t10000,0": "41"}}, "leading_brand\tcategorical\tPWR": {"indirect\tbinary\t0": {"ln_vs\ttree\t0,0\t11,0963745117": "23", "ln_vs\ttree\t11,0963745117\t10000,0": "22"}, "indirect\tbinary\t1": {"ln_vs\ttree\t0,0\t9,2898979187": "21", "ln_vs\ttree\t9,2898979187\t10000,0": "20"}}, "leading_brand\tcategorical\tPWRI": {"indirect\tbinary\t0": {"ln_vs\ttree\t0,0\t10,193649292": "3", "ln_vs\ttree\t10,193649292\t10000,0": "2"}, "indirect\tbinary\t1": {"ln_vs\ttree\t0,0\t11,1033802032": "0", "ln_vs\ttree\t11,1033802032\t10000,0": "1"}}, "leading_brand\tcategorical\tPWRL": {"indirect\tbinary\t0": {"ln_vs\ttree\t0,0\t11,1944704056": "11", "ln_vs\ttree\t11,1944704056\t10000,0": "10"}, "indirect\tbinary\t1": {"ln_vs\ttree\t0,0\t9,64041900635": "9", "ln_vs\ttree\t9,64041900635\t10000,0": "8"}}, "leading_brand\tcategorical\tPWROTH": {"indirect\tbinary\t1": {"ln_vs\ttree\t0,0\t10000,0": "55"}}, "leading_brand\tcategorical\tPWRVA": {"indirect\tbinary\t0": {"ln_vs\ttree\t0,0\t10000,0": "48"}, "indirect\tbinary\t1": {"ln_vs\ttree\t0,0\t10000,0": "47"}}, "leading_brand\tcategorical\tRATI": {"indirect\tbinary\t1": {"ln_vs\ttree\t0,0\t10000,0": "46"}}, "leading_brand\tcategorical\tSAN": {"indirect\tbinary\t0": {"ln_vs\ttree\t0,0\t11,6878833771": "35", "ln_vs\ttree\t11,6878833771\t10000,0": "34"}, "indirect\tbinary\t1": {"ln_vs\ttree\t0,0\t10,2626724243": "32", "ln_vs\ttree\t10,2626724243\t10000,0": "33"}}, "leading_brand\tcategorical\tSOTH": {"indirect\tbinary\t0": {"ln_vs\ttree\t0,0\t11,5679016113": "7", "ln_vs\ttree\t11,5679016113\t10000,0": "6"}, "indirect\tbinary\t1": {"ln_vs\ttree\t0,0\t9,50659751892": "5", "ln_vs\ttree\t9,50659751892\t10000,0": "4"}}, "leading_brand\tcategorical\tSPEC": {"indirect\tbinary\t0": {"ln_vs\ttree\t0,0\t8,62383079529": "14", "ln_vs\ttree\t8,62383079529\t10000,0": "15"}, "indirect\tbinary\t1": {"ln_vs\ttree\t0,0\t9,3668384552": "13", "ln_vs\ttree\t9,3668384552\t10000,0": "12"}}, "leading_brand\tcategorical\tSSG": {"indirect\tbinary\t0": {"ln_vs\ttree\t0,0\t12,9350681305": "16", "ln_vs\ttree\t12,9350681305\t10000,0": "17"}, "indirect\tbinary\t1": {"ln_vs\ttree\t0,0\t10,4760093689": "18", "ln_vs\ttree\t10,4760093689\t10000,0": "19"}}, "leading_brand\tcategorical\tSSGOTH": {"indirect\tbinary\t0": {"ln_vs\ttree\t0,0\t10000,0": "49"}, "indirect\tbinary\t1": {"ln_vs\ttree\t0,0\t10000,0": "50"}}, "leading_brand\tcategorical\tSTWZ": {"indirect\tbinary\t0": {"ln_vs\ttree\t0,0\t10,7048358917": "29", "ln_vs\ttree\t10,7048358917\t10000,0": "28"}, "indirect\tbinary\t1": {"ln_vs\ttree\t0,0\t11,7076683044": "30", "ln_vs\ttree\t11,7076683044\t10000,0": "31"}}, "leading_brand\tcategorical\tTAPE": {"indirect\tbinary\t0": {"ln_vs\ttree\t0,0\t11,9040184021": "24", "ln_vs\ttree\t11,9040184021\t10000,0": "25"}, "indirect\tbinary\t1": {"ln_vs\ttree\t0,0\t9,10402107239": "26", "ln_vs\ttree\t9,10402107239\t10000,0": "27"}}, "leading_brand\tcategorical\tWEBS": {"indirect\tbinary\t0": {"ln_vs\ttree\t0,0\t10000,0": "54"}, "indirect\tbinary\t1": {"ln_vs\ttree\t0,0\t10000,0": "53"}}}